Skip,Rederi,Location,Type skip,Type opplag,Bilde,Flagg,Dato inn,Dato ut,Rederi Valgbokser,Sist oppdatert
Sea Trout,Deep Sea Supply,"58.11782, 7.045235",PSV,I opplag,http://www.maritime.no/wp-content/uploads/2015/05/Deep-sea-sea-trout.jpg,Kypros,2015-05-06,,Deep Sea Supply,
Northern Wave,DeepOcean Shipping,"59.42211, 5.251369",PSV,I opplag,http://www.maritime.no/wp-content/uploads/2015/05/Northern-Wave.jpg,NOR,2015-05-11,,DeepOcean Shipping,
Bourbon Pearl,Bourbon Offshore," 37.43657, 24.94023",Subsea,Ut av opplag,http://www.maritime.no/wp-content/uploads/2015/05/Bourbon-Pearl.jpg,NIS,2015-02-11,2016-02-04,Bourbon,
Eide Traveler,Eide Marine,"59.78831, 5.793618",PSV,I opplag,http://www.maritime.no/wp-content/uploads/2015/05/eide-traveler.jpg,Bahamas,2015-05-11,,Eide Marine,
Far Spica,Farstad,,PSV,Ut av opplag,http://www.maritime.no/wp-content/uploads/2015/05/Far-Spica.jpg,UK,2015-05-11,2015-08-12,Farstad,
Dina Alliance,Myklebusthaug,"60.80902, 4.973742",PSV,I opplag,http://www.maritime.no/wp-content/uploads/2015/05/Myklebusthaug_Management.jpg,Marshalløyene,2015-05-11,,Myklebusthaug,
Maersk Shipper,Maersk,"57.68184, -4.223166",AHTS,Utenlandsk rederi,http://www.maritime.no/wp-content/uploads/2015/05/maersk_shipper_-_Google_Search.jpg,UK,2015-05-11,,Maersk,
NSO Spirit,Nor Supply,"59.77908, 5.503957",PSV,I opplag,http://www.maritime.no/wp-content/uploads/2015/05/NSO_Spirit1.jpg,Bahamas,2014-12-16,,Nor Supply,
Skandi Fjord,DOF,,PSV,Solgt fra opplag,http://www.maritime.no/wp-content/uploads/2015/05/Skandi_Fjord_web02.jpg,Bahamas,2015-03-11,2015-08-19,DOF,
Maersk Tackler,Maersk,"35.4909, 24.07772",AHTS,Utenlandsk rederi,http://www.maritime.no/wp-content/uploads/2015/05/Maersk_Tackler_ship_2009_001-1.jpg,Danmark,2015-07-14,,Maersk,
NSO Fortune,Nor Supply,"59.77898, 5.504202",PSV,Solgt fra opplag,http://www.maritime.no/wp-content/uploads/2015/05/NSO_Fortune.jpg,Gibraltar,2015-05-11,,Nor Supply,
Stril Commander,Møkster,"58.99459, 5.692215",AHTS,I opplag,http://www.maritime.no/wp-content/uploads/2015/05/Stril_Commander_-_Simon_Møkster_Shipping.jpg,NOR,2015-01-05,,Møkster,
Geo Barents ,Uksnøy og Co AS,,Seismikk,Ut av opplag,http://www.maritime.no/wp-content/uploads/2015/05/Uksnøy-Geo-Barents.jpg,NIS,2014-11-11,2015-07-30,Uksnøy og co,
Blue King,Golden Energy Offshore,"62.33939, 5.824183",PSV,I opplag,http://www.maritime.no/wp-content/uploads/2015/05/Blue-King1.jpg,NOR,2015-04-15,,Golden Energy Offshore,
Ocean Surf,Atlantic Offshore,,PSV,Solgt fra opplag,http://www.maritime.no/wp-content/uploads/2015/05/Ocean-Surf1.jpg,NIS,2015-03-11,,Atlantic Offshore,
Sigma,Maritim Management,"59.34155, 5.283802",Seismikk,Ut av opplag,http://www.maritime.no/wp-content/uploads/2015/05/Sigma.jpg,NIS,2015-09-16,,Maritim Management,
Viking II,Eidesvik,,Seismikk,Solgt fra opplag,http://www.maritime.no/wp-content/uploads/2015/05/Eidesvik-Viking-2.jpg,NIS,2014-10-15,2015-08-12,Eidesvik,
Artemis Atlantic (6 mnd oppdrag fra 20/11),Maritim Management,"59.34151, 5.283667",Seismikk,Ut av opplag,http://www.maritime.no/wp-content/uploads/2015/05/MM-atlantic.jpg,NIS,2015-05-06,,Maritim Management,
Artemis Angler,Maritim Management,"59.34261, 5.280083",Seismikk,I opplag,http://www.maritime.no/wp-content/uploads/2015/05/Artemis-Angler.jpg,NIS,2014-10-15,,Maritim Management,
Bourbon Opale,Bourbon Offshore,"26.52285, -78.76631",PSV,I opplag,http://www.maritime.no/wp-content/uploads/2015/05/Bourbon-Opale.jpg,Bahamas,2015-05-01,,Bourbon,
Normand Vester,Solstad,"59.33818, 5.296773",PSV,I opplag,http://www.maritime.no/wp-content/uploads/2015/05/Normand-Vester.jpg,NIS,2015-06-28,,Solstad,
World Diamond,World Wide Supply,"62.46961, 6.119262",PSV,I opplag,http://www.maritime.no/wp-content/uploads/2015/05/wws2.jpg,NIS,2015-09-01,,World Wide Supply,
World Pearl,World Wide Supply,"62.46989, 6.119992",PSV,I opplag,http://www.maritime.no/wp-content/uploads/2015/05/wws3.jpg,NIS,2015-09-02,,World Wide Supply,
Falcon Explorer,PGS,"58.11797, 7.04529",Seismikk,Skrapet fra opplag,http://www.maritime.no/wp-content/uploads/2015/05/FALCON-EXPLORER.jpg,Panama,2015-05-06,2016-05-11,PGS,2016-05-18
Ocean Explorer,PGS,"58.11934, 7.045667",Seismikk,Skrapet fra opplag,http://www.maritime.no/wp-content/uploads/2015/05/Ocean-Explorer.jpg,Bahamas,2015-05-26,,PGS,
Troms Mira,Troms Offshore,"55.98197, -3.186232",PSV,I opplag,http://www.maritime.no/wp-content/uploads/2015/05/Troms-Mira.jpg,Isle of Man,2015-06-03,,Troms offshore,
Vestland Cygnus,Vestland Offshore,,PSV,Ut av opplag,http://www.maritime.no/wp-content/uploads/2015/05/Cygnus-2.jpg,Bahamas,2015-06-10,2015-07-25,Vestland Offshore,
Troms Hera,Troms Offshore,"55.98184, -3.186702",PSV,I opplag,http://www.maritime.no/wp-content/uploads/2015/05/Troms-Hera.jpg,Isle of Man,2015-06-12,,Troms offshore,
Maersk Assister,Maersk,"57.43831, 10.54495",AHTS,Utenlandsk rederi,http://www.maritime.no/wp-content/uploads/2015/05/Maersk-Assister2.jpg,Danmark,2015-06-10,,Maersk,
Maersk Advancer,Maersk,"57.43913, 10.54371",AHTS,Utenlandsk rederi,http://www.maritime.no/wp-content/uploads/2015/05/Maersk_Advancer.jpg,UK,2015-06-10,,Maersk,
Sea Angler,Deep Sea Supply,"-22.8853, 14.48247",PSV,I opplag,http://www.maritime.no/wp-content/uploads/2015/05/IMG_29091.jpg,Kypros,2015-06-22,,Deep Sea Supply,
Siem Diamond,Siem Offshore,"58.49537, 8.877718",AHTS,I opplag,http://www.maritime.no/wp-content/uploads/2015/05/Siem-Diamond-.jpg,NIS,2015-06-28,,Siem Offshore,
Polarcus Nadia,Polarcus,"52.40604, 4.882457",Seismikk,I opplag,http://www.maritime.no/wp-content/uploads/2015/05/Polarcus-Nadia.jpg,Bahamas,2015-04-15,,Supply	Polarcus,
Sea Springer,Deep Sea Supply,"58.11759, 7.045217",PSV,I opplag,http://www.maritime.no/wp-content/uploads/2015/05/Sea-Springer.jpg,Kypros,2015-08-27,,Deep Sea Supply,
Munin Explorer,Seabird,"26.5225, -78.76517",Seismikk,I opplag,http://www.maritime.no/wp-content/uploads/2015/05/munin-front.jpg,Kypros,2015-08-19,,Seabird,
Maersk Tracer,Maersk,"35.49068, 24.07786",AHTS,Utenlandsk rederi,http://www.maritime.no/wp-content/uploads/2015/05/Maersk_Tracer_ship_2009_001.jpg,Danmark,2015-08-12,,Maersk,
Nanna Viking,Viking Supply Ships,"58.33665, 11.86607",PSV,I opplag,http://www.maritime.no/wp-content/uploads/2015/05/Nanna-Viking.jpg,NOR,2015-10-13,,Viking Supply,
Idun Viking,Viking Supply Ships,"58.33679, 11.86681",PSV,I opplag,http://www.maritime.no/wp-content/uploads/2015/05/Idun-Viking.jpg,NOR,2015-09-25,,Viking Supply,
Frigg Viking,Viking Supply Ships,"58.33647, 11.8663",PSV,I opplag,http://www.maritime.no/wp-content/uploads/2015/05/frigg-viking.jpg,NOR,2015-10-13,,Viking Supply,
Havila Mars,Havila Shipping ,"62.29995, 5.651124",AHTS,I opplag,http://www.maritime.no/wp-content/uploads/2015/09/Havila-Mars-800x450.jpg,NOR,2015-10-19,,Havila,
Havila Neptune,Havila Shipping,"62.32322,  5.651628",AHTS,I opplag,http://www.maritime.no/wp-content/uploads/2015/09/HavilaNeptune1.jpg,NOR,,,Havila,
Stril Mermaid,Møkster,"58.99473, 5.69239",PSV,I opplag,http://www.maritime.no/wp-content/uploads/2015/10/Stril-Mermaid.jpg,NOR,2015-10-09,,Møkster,
Stril Myster,Møkster,"58.99389, 5.693018",PSV,I opplag,http://www.maritime.no/wp-content/uploads/2015/10/Stril-Myster.jpg,NOR,2015-10-07,,Møkster,
Normand Carrier,Solstad,"59.34074, 5.300502",PSV,I opplag,http://www.maritime.no/wp-content/uploads/2015/10/Normand-Carrier.jpg,NOR,2015-10-12,,Solstad,
Normand Borg,Solstad,"59.33917, 5.298238",AHTS,I opplag,http://www.maritime.no/wp-content/uploads/2015/10/Normand-Borg.jpg,NOR,2015-10-09,,Solstad,
Blue Queen,Golden Energy Offshore,"62.33941, 5.824467",PSV,I opplag,http://www.maritime.no/wp-content/uploads/2015/10/Blue-Queen-delivery_PES4748_CR-ULSTEIN_Per-Eide-Studio.jpg,NOR,2015-09-30,,Golden Energy Offshore,
Normand Neptun,Solstad,"59.33828, 5.297428",AHTS,I opplag,http://www.maritime.no/wp-content/uploads/2015/10/neptun-7-e1409734329528.jpg,NOR,2015-09-16,,Solstad,
Normand Corona,Solstad,"59.3382, 5.296885",PSV,I opplag,http://www.maritime.no/wp-content/uploads/2015/10/Normand-Corona.jpg,NOR,2015-08-24,,Solstad,
Olympic Progress,Olympic,"62.36226, 5.660505",PSV,I opplag,http://www.maritime.no/wp-content/uploads/2015/10/Olympic-Progress.jpg,Bahamas,2015-08-05,,Olympic,
Normand Skarven,Solstad,"59.33801, 5.296753",PSV,Solgt fra opplag,http://www.maritime.no/wp-content/uploads/2015/10/Skarven.jpg,NOR,2015-09-30,2016-05-05,Solstad,
North Stream,Gulfmark,"58.86879, 5.746867",PSV,I opplag,http://www.maritime.no/wp-content/uploads/2015/10/North-Stream.jpg,NOR,2015-10-09,,GulfMark Norge,
Maersk Beater,Maersk,"57.04787, 10.05299",AHTS,Utenlandsk rederi,http://www.maritime.no/wp-content/uploads/2015/10/Maersk-Beater.jpeg,Danmark,2015-09-10,,Maersk,
Maersk Asserter,Maersk,"28.49637, -16.20549",AHTS,Utenlandsk rederi,http://www.maritime.no/wp-content/uploads/2015/10/Maersk-Asserter.jpeg,Storbritannia,2015-10-08,,Maersk,
Far Searcher,Farstad,"62.44892, 6.281325",PSV,I opplag,http://www.maritime.no/wp-content/uploads/2015/11/FarSearcher.jpg,NOR,2015-10-23,,Farstad,
Olympic Octopus,Olympic,"62.47459, 6.346122",AHTS,Ut av opplag,http://www.maritime.no/wp-content/uploads/2015/11/OlypmicOctopus.jpg,NOR,2015-11-11,,Olympic,
North Promise,GulfMark Norge,"58.86873, 5.74722",PSV,Ut av opplag,http://www.maritime.no/wp-content/uploads/2015/11/NorthPromise.jpg,UK,2015-10-30,2016-06-13,GulfMark Norge,2016-06-15
Siem Emerald,Siem Offshore,"61.93108, 5.453053",AHTS,I opplag,http://www.maritime.no/wp-content/uploads/2015/11/SiemEmerald.jpg,NIS,2015-10-15,,Siem Offshore,
Odin Viking,Viking Supply ,"58.34552,  11.89465",AHTS,I opplag,http://www.maritime.no/wp-content/uploads/2014/10/odin-viking.jpg,Danmark,2015-11-02,,Viking Supply,
Polarsyssel,Fafnir,,PSV,Ut av opplag,http://www.maritime.no/wp-content/uploads/2014/09/polarsyssel-havyard-sysselmannen-.jpg,NOR,2015-10-30,,,
Sea Spider,Deep Sea Supply,"58.11953, 7.046122",PSV,I opplag,http://www.maritime.no/wp-content/uploads/2015/11/SeaSpider.jpg,Kypros,2015-10-02,,Deep Sea Supply,
Sea Halibut,Deep Sea Supply,"1.011092, 103.3439",PSV,I opplag,http://www.maritime.no/wp-content/uploads/2015/11/Sea_UT.jpg,Kypros,2016-01-01,,Deep Sea Supply,
Siem Carrier,Siem Offshore,"28.39926, -16.23312",PSV,Solgt fra opplag,http://www.maritime.no/wp-content/uploads/2015/11/SiemCarrier.jpg,NIS,,,Siem Offshore,
Sea Bass,Deep Sea Supply,"0.9979067,103.3423",PSV,I opplag,http://www.maritime.no/wp-content/uploads/2015/11/Sea_UT.jpg,Kypros,2015-11-19,,Deep Sea Supply,
Viking Athene,Eidesvik,"59.60676, 5.229427",PSV,Varslet ut av opplag,http://www.maritime.no/wp-content/uploads/2015/11/Viking_athene1.jpg,NOR,2015-11-04,2016-01-01,Eidesvik,
Sea Frost,Deep Sea Supply,"1.000252, 103.3433",PSV,I opplag,http://www.maritime.no/wp-content/uploads/2015/11/SeaFrost.jpg,Kypros,2015-11-14,,Deep Sea Supply,
Siddis Mariner,Siem Offshore,"59.33331, 5.292353",PSV,Ut av opplag,http://www.maritime.no/wp-content/uploads/2015/11/SiddisMariner.jpg,NOR,,2016-03-10,Siem Offshore,
Island Commander,,"62.3424, 5.836687",PSV,Ut av opplag,http://www.maritime.no/wp-content/uploads/2015/11/Island-Commander-800x450.gif,NOR,2015-11-26,,Island Offshore,
Normand Atlantic,,"59.33821, 5.297635",AHTS,I opplag,http://www.maritime.no/wp-content/uploads/2015/11/Normand-Atlantic.jpg,UK,2015-11-26,,Solstad,
Normand Pioneer,,"59.33812, 5.296695",Subsea,Ut av opplag,http://www.maritime.no/wp-content/uploads/2015/11/Normand-Pioneer.jpg,UK,2015-11-23,,Solstad,
Akofs Seafarer,Akofs Offshore,"59.57721, 5.562212",Brønnintervensjon,I opplag,http://www.maritime.no/wp-content/uploads/2015/12/akofs_seafarer1-800x450.jpg,Kypros,2015-11-11,,Akofs Offshore,
Ramform Explorer,,"58.08408, 6.794611",Seismikk,I opplag,http://www.maritime.no/wp-content/uploads/2015/05/Ramform-Explorer.jpg,NIS,2015-10-14,,PGS,
Polar Duke ,,"62.46259, 6.156385",Seismikk,I opplag,http://www.maritime.no/wp-content/uploads/2014/09/polar-duke-dolphin.jpg,Kypros,2015-09-15,,Gc Rieber,
Ramform Viking,,"58.08149, 6.782942",Seismikk,I opplag,http://www.maritime.no/wp-content/uploads/2015/09/ramform-viking-800x450.jpg,Bahamas,2015-10-14,,PGS,
Olympic Ares,,"62.08572, 6.875733",Subsea,I opplag men på kontrakt,http://www.maritime.no/wp-content/uploads/2015/12/Olympic-Ares.jpg,Bahamas,2015-12-04,,Olympic,
World Peridot,,"62.33736, 5.729555",PSV,I opplag,http://img1.maritime.no/wp-content/uploads/2015/12/22110502/world-peridot.jpeg,NOR,2015-12-14,,World Wide Supply,
World Opal,,"62.33736, 5.729993",PSV,I opplag,http://img1.maritime.no/wp-content/uploads/2015/12/22110501/World-Opal.jpg,NOR,2015-12-14,,World Wide Supply,
Normand Vibran,,"59.34182, 5.283252",PSV,I opplag,http://img1.maritime.no/wp-content/uploads/2015/12/22110207/Normand-Vibran.jpg,NIS,2016-01-09,,Solstad,
Normand Trym,,"59.34182, 5.283252",PSV,I opplag,http://img1.maritime.no/wp-content/uploads/2015/12/22110208/Normand-Trym-a-e1409732192575-1474x450.jpg,NIS,2015-12-30,,Solstad,
Ramform Valiant,,"58.08143, 6.782257",Seismikk,I opplag,http://img1.maritime.no/wp-content/uploads/2016/01/06100446/Ramform-Valiant.jpg,Bahamas,2016-01-01,,PGS,
Geco Topaz,,"58.08139, 6.779215",Seismikk,Ut av opplag,http://img1.maritime.no/wp-content/uploads/2016/01/06101146/Geco-Topaz.jpg,Panama,2015-12-16,2016-06-29,Western Geco,2016-07-05
Geo Pacific,,"58.11451, 7.039683",Seismikk,I opplag,http://img1.maritime.no/wp-content/uploads/2016/01/06110654/Geo-Pacific.jpg,Marshalløyene,2015-12-17,,Seabird,
Acergy Viking,,"59.81772, 5.269444",Subsea,Ut av opplag,http://img1.maritime.no/wp-content/uploads/2016/01/21130554/Acergy-Viking.jpg,Bahamas,2015-12-23,,Eidesvik,
Atlantic Guardian,,"60.39031, 5.298316",Seismikk,Varslet ut av opplag,http://img1.maritime.no/wp-content/uploads/2016/02/11180348/atlantic_guardian_500x250.jpg,NIS,2015-10-14,2016-03-15,EMGS,
Island Dragon,Island Offshore,"59.02409,  5.616951",PSV,I opplag,http://img1.maritime.no/wp-content/uploads/2016/03/10152345/Skjermbilde-2016-03-10-kl.-15.23.27.png,NOR,2016-03-09,,Island Offshore,
Island Duchess,Island Offshore,"62.33547, 5.850471",PSV,I opplag,http://img1.maritime.no/wp-content/uploads/2015/09/Island-Duchess-800x450.jpg,NOR,2016-03-09,,Island Offshore,
Sol Viking,VIking Supply Ships,"52.60176, 1.72636 ",PSV,I opplag,http://img1.maritime.no/wp-content/uploads/2016/03/14090430/sol_viking.jpg,NIS,2016-03-14,,Viking Supply,
Normand Commander,,"59.33818, 5.296555",Subsea,I opplag,http://img1.maritime.no/wp-content/uploads/2016/05/09181759/Commander-with-helicopter-e1409733277285-500x325.jpg,NIS,2016-05-05,,Solstad,
NOR TIgerfish,,"1.305283, 103.6488",AHTS,I opplag,http://img1.maritime.no/wp-content/uploads/2016/05/09182258/NOR-Tigerfish1-500x325.jpg,Singapor,2016-05-05,,Solstad,
Havila Faith,,"62.3, 5.65",PSV,I opplag,http://img1.maritime.no/wp-content/uploads/2016/05/10091417/Havila-Faith.jpg,Bahamas,2016-05-04,,Havila,
Sanco Sword,,"58.08124, 6.779495",Seismikk,I opplag,http://img1.maritime.no/wp-content/uploads/2016/08/12103626/Sanco-Sword.jpg,Gibraltar,2016-08-09,,Sanco,2016-08-12
Maersk Provider,Maersk,"28.49623, -16.20602",AHTS,Solgt fra opplag,http://www.maritime.no/wp-content/uploads/2015/10/Maersk-Provider1.jpeg,Danmark,2015-10-07,,Maersk,
Lady Astrid,,"0.7226667, 104.166",AHTS,I opplag,http://img1.maritime.no/wp-content/uploads/2016/09/23123858/Lady-Astrid.jpeg,NIS,2016-09-01,,Farstad,2016-09-23
Lady Caroline,,"0.7231167, 104.1646",AHTS,I opplag,http://img1.maritime.no/wp-content/uploads/2016/09/23124149/Lady-Caroline.jpeg,NIS,2016-09-09,,Farstad,2016-09-23
Far Saltire,,"0.698125, 103.6467",AHTS,I opplag,http://img1.maritime.no/wp-content/uploads/2016/09/23124413/Far-Saltire.jpeg,Storbritannia,2016-09-09,,Farstad,2016-09-23
Far Grip,,"0.74945, 104.1557",AHTS,I opplag,http://img1.maritime.no/wp-content/uploads/2016/09/23125142/Far-Grip.jpeg,NIS,2016-09-09,,Farstad,2016-09-23
Far Spirit,,"0.744550, 104.183212",PSV,I opplag,http://img1.maritime.no/wp-content/uploads/2016/09/23125521/Far-Spirit.jpeg,Storbritannia,2016-09-23,,Farstad,2016-09-23
Lady Melinda,,"1.089, 104.2037",AHTS,I opplag,http://img1.maritime.no/wp-content/uploads/2016/09/23130227/Lady-Melinda.jpeg,Singapore,2016-09-02,,Farstad,2016-09-23
Nor Star,,"37.94964, 23.60475",AHTS,I opplag,http://img1.maritime.no/wp-content/uploads/2016/09/23133437/Nor-Star.png,Singapore,2016-07-15,,Solstad,2016-09-23
Viking Vanquish,,"59.82091, 5.263633",Seismikk,I opplag,http://img1.maritime.no/wp-content/uploads/2016/09/26095238/Viking-vanquish.jpg,NIS,2016-07-15,,Eidesvik,2016-09-14
Viking Vision,,"59.61167, 5.2415",Seismikk,I opplag,http://img1.maritime.no/wp-content/uploads/2016/09/26095904/Viking-Vision.jpg,NIS,2016-07-14,,Eidesvik,
Viking Lady,Eidesvik,"59.60676, 5.229427",PSV,I opplag,http://www.maritime.no/wp-content/uploads/2015/11/VikingLady.jpg,NOR,2015-11-04,2016-01-02,Eidesvik,
Vantage,,"59.61112, 5.242087",Seismikk,I opplag,http://img1.maritime.no/wp-content/uploads/2016/09/26103331/Viking-Vantage.jpg,NIS,2016-08-11,,Eidesvik,2016-09-26
Viking Athene,,"59.93538, 5.323164",PSV,I opplag,http://img1.maritime.no/wp-content/uploads/2016/09/26104852/Viking-AThene.jpg,NOR,2016-09-22,,Eidesvik,2016-09-26
Bravo Sapphire,Opstad Shipping,"62.73409, 7.154252",Flerbruksskip,I opplag,http://img1.maritime.no/wp-content/uploads/2016/01/19144201/BravoSapphire.jpg,Gibraltar,2015-12-15,,Opstad Shipping,
Strilborg,Møkster,"58.99433, 5.69251",Flerbruksskip,Ut av opplag,http://www.maritime.no/wp-content/uploads/2015/05/Stril_Commander_-_Simon_Møkster_Shipping.jpg,NOR,2015-05-11,2016-01-01,Møkster,
Viking Fighter (eid av Norsea med Eidesvik mgmt),,"59.61135, 5.24186",PSV,I opplag,http://www.maritime.no/wp-content/uploads/2015/05/Viking-Fighter1.jpg,NOR,2015-07-23,,Eidesvik,2016-09-26
Lady Sandra,,"1.221797, 103.7552",AHTS,Solgt fra opplag,http://img1.maritime.no/wp-content/uploads/2016/09/23124738/Lady-Sandra.jpeg,Singapore,2016-09-09,,Farstad,2016-09-23
Skandi Constructor,," 60.08934, 5.216635",Subsea,Ut av opplag,http://img1.maritime.no/wp-content/uploads/2016/08/02110223/Skandi-Constructor.jpg,Bahamas,2016-07-07,2016-08-10,DOF,2016-08-02
Viking Nereus,Eidesvik,"59.61125, 5.241868",PSV,Solgt fra opplag,http://www.maritime.no/wp-content/uploads/2015/05/NEREUS.jpg,NOR,2015-05-11,,Eidesvik,
Havila Princess,,"62.30032, 5.650315",PSV,Solgt fra opplag,http://img1.maritime.no/wp-content/uploads/2016/02/09122223/havila-princess.jpg,NIS,2016-02-09,,Havila,
Island Clipper,,"62.58677, 6.91934",PSV,I opplag,http://img1.maritime.no/wp-content/uploads/2016/10/24094502/Island-Clipper.jpg,NOR,2016-10-13,,Island Offshore,2016-10-24
Island Valiant,,"56.70196, -2.46553",AHTS,Varslet opplag,http://img1.maritime.no/wp-content/uploads/2016/10/24100123/Island-Valiant.jpg,NOR,2016-10-24,,Island Offshore,2016-10-24
NOR Chief,,"59.14637, 5.264292",Flerbruksskip,I opplag,http://img1.maritime.no/wp-content/uploads/2016/10/24103235/Nor-Chief.jpg,Singapore,2016-10-13,,Solstad,2016-10-24
Bourbon Topaz,,"62.11547, 5.679407",PSV,,http://img1.maritime.no/wp-content/uploads/2016/10/24102959/Bourbon-Topaz.jpg,Bahamas,2016-10-13,,Bourbon,2016-10-24
Bourbon Borgstein,,"62.11542, 5.67902",AHTS,I opplag,http://img1.maritime.no/wp-content/uploads/2016/10/24111227/Bourbon-Borgstein.jpg,Bahamas,2016-10-14,,Bourbon,2016-10-23
Bourbon Surf,,"62.11535, 5.678712",AHTS,I opplag,http://img1.maritime.no/wp-content/uploads/2016/10/24111429/Bourbon-Surf.jpg,Bahamas,2016-10-12,,Bourbon,2016-10-11
Troms Capella,,"55.98204, -3.186107",PSV,I opplag,http://img1.maritime.no/wp-content/uploads/2016/10/25134718/Troms-Capella.jpg,Storbritannia,2016-10-05,,Troms offshore,2016-10-25
Vidar Viking,,"58.3455, 11.8995",AHTS,I opplag,http://img1.maritime.no/wp-content/uploads/2016/10/25135316/Vidar-Viking.jpg,Russisk,2016-10-06,,Viking Supply,2016-10-25
Havila Fortress,,"62.2999, 5.650062",PSV,I opplag,http://img1.sysla.no/wp-content/uploads/19085251/HavilaFortresss.jpg,Bahamas,2016-10-19,,Havila,2016-10-25
World Emerald,,"36.50333, -6.262764",PSV,I opplag,http://img1.maritime.no/wp-content/uploads/2016/10/31102752/World-Emerald.jpg,NOR,2016-10-13,,World Wide Supply,2016-10-31
Havila Favour,,"62.32131, 5.6722",PSV,I opplag,http://img1.maritime.no/wp-content/uploads/2016/10/31103122/Havila-Favour.jpg,NOR,2016-10-27,,Havila,2016-10-31
Ramform Vanguard,,"60.4185, 5.3023",Seismikk,I opplag,http://img1.maritime.no/wp-content/uploads/2016/10/31104503/Ramform-Vanguard.jpg,Bahamas,2016-10-31,,PGS,2016-10-31
Skandi Stord,,"60.09155, 5.223516",AHTS,Solgt fra opplag,http://img1.maritime.no/wp-content/uploads/2016/08/02110132/skandi-stord.jpg,NOR,2016-07-14,2016-11-02,DOF,2016-11-02
Normand Ivan,,"59.39747, 5.269073",AHTS,I opplag,http://img1.maritime.no/wp-content/uploads/2016/11/07082900/Normand-Ivan.jpg,NOR,2016-11-07,,Solstad,2016-11-07
Bourbon Monsoon,,"62.09492, 5.549075",PSV,I opplag,http://img1.maritime.no/wp-content/uploads/2016/11/07135502/Bourbon-Monsoon.jpg,NOR,2016-11-06,,Bourbon,2016-11-07
Sea Piloit,,"59.03792, 5.666067",Flerbruksskip,I opplag,http://img1.maritime.no/wp-content/uploads/2016/11/14133946/Sea-Pilot.jpg,NOR,2016-11-14,,Chriship,2016-11-14
Sea Sailor,,"59.03756, 5.665807",Beredskap,I opplag,http://img1.maritime.no/wp-content/uploads/2016/11/14134131/Sea-Sailor.jpg,NOR,2016-11-14,,Chriship,2016-11-14
Troms Artemis,,"63.61601, 9.728577",PSV,I opplag,http://img1.maritime.no/wp-content/uploads/2016/11/14134555/troms-artemis.jpg,NOR,2016-11-11,,Troms offshore,2016-11-14
Nao Fighter,,"61.93859, 5.120302",PSV,I opplag,http://img1.maritime.no/wp-content/uploads/2016/11/14134857/Nao-Fighter.jpg,NOR,2016-11-14,,Nordic American Offshore,2016-11-14
Vantage,Eidesvik,"59.61112, 5.242087",Seismikk,Ut av opplag,http://www.maritime.no/wp-content/uploads/2015/05/Eidesvik-Vantage.jpg,NIS,2014-10-15,2016-11-14,Eidesvik,
Veritas Viking,,"59.81787, 5.269372",Seismikk,Ut av opplag,http://img1.maritime.no/wp-content/uploads/2016/09/26094918/Veritas-Viking.jpg,NIS,2016-08-11,2016-11-14,Eidesvik,2016-09-26
Dina Scout,,,PSV,I opplag,http://img1.maritime.no/wp-content/uploads/2016/11/18133812/Dina-Scout.jpg,NOR,2016-11-17,,Myklebusthaug,2016-11-18
Siem Pearl,Siem Offshore,"61.93109, 5.451863",AHTS,I opplag,http://www.maritime.no/wp-content/uploads/2015/11/SiemPearl.jpg,NOR,2015-11-02,,Siem Offshore,
Norman Borg,,"59.33924, 5.298447",AHTS,I opplag,http://img1.maritime.no/wp-content/uploads/2016/11/18134531/Norman-Borg.jpg,NOR,2016-11-17,,Solstad,2016-11-18
Normand Atlantic,,"59.33817, 5.297567",AHTS,I opplag,http://img1.maritime.no/wp-content/uploads/2016/11/18134751/Normand-Atlantic.jpg,NOR,2016-11-16,,Solstad,2016-11-18
Ramform Challenger,,"28.50491, -16.17426",Seismikk,I opplag,http://www.maritime.no/wp-content/uploads/2015/05/Ramform-Challenger.jpg,Bahamas,2015-10-21,,PGS,
Olympic Princess,Olympic,"62.47427, 6.345813",PSV,I opplag,http://www.maritime.no/wp-content/uploads/2015/11/OlympicPrincess.jpg,NIS,2015-11-11,,Olympic,2016-11-18
Island Duke,Island Offshore,"62.33573, 5.850273",PSV,I opplag,http://www.maritime.no/wp-content/uploads/2015/05/island-duchess.jpg,Bahamas,2015-02-11,,Island Offshore,2016-11-17
Sea Cheetah,,"0.98866, 103.3429",AHTS,I opplag,http://img1.maritime.no/wp-content/uploads/2016/11/21114824/Sea-Cheetah.jpg,Kypros,2016-11-09,,Deep Sea Supply,2016-11-21
Sea Eagle 1,,"1.030943, 104.1231",AHTS,I opplag,http://img1.maritime.no/wp-content/uploads/2016/11/21115406/Sea-Eagle-1.jpg,Malaysia,2016-11-03,,Deep Sea Supply,2016-11-21
,,,,,,,,,,
Sea Ocelot,,"1.220533, 104.079",AHTS,I opplag,http://img1.maritime.no/wp-content/uploads/2016/11/21115647/Sea-Ocelot.jpg,Malaysia,2016-11-15,,Deep Sea Supply,2016-11-21
Sea Jackal,,"28.49707, -16.20638",AHTS,I opplag,http://img1.maritime.no/wp-content/uploads/2016/11/21115802/Sea-Jackal.jpg,Kypros,2016-11-10,,Deep Sea Supply,2016-11-21
Sea Badger,,"0.9955834, 103.3406",AHTS,I opplag,http://img1.maritime.no/wp-content/uploads/2016/11/21115959/Sea-Badger.jpg,Panama,2016-11-02,,Deep Sea Supply,2016-11-21
Sea Pike,,"1.095868, 104.1559",PSV,I opplag,http://img1.maritime.no/wp-content/uploads/2016/11/21120245/Sea-Pike.jpg,Kypros,2016-11-03,,Deep Sea Supply,2016-11-21
Sea Pollock,,"28.4968, -16.20706",PSV,I opplag,http://img1.maritime.no/wp-content/uploads/2016/11/21120431/Sea-Pollock.jpg,Kypros,2016-11-21,,Deep Sea Supply,2016-11-21
Sea Turbot,,"0.9946, 103.3453",PSV,I opplag,http://img1.maritime.no/wp-content/uploads/2016/11/21120629/Sea-Turbot.jpg,Kypros,2016-11-15,,Deep Sea Supply,2016-11-21
Sea Witch,,"28.49667, -16.207",PSV,I opplag,http://img1.maritime.no/wp-content/uploads/2016/11/21120829/Sea-Witch.jpg,Kypros,2016-11-15,,Deep Sea Supply,2016-11-21
Sea Surfer,,"1.076617, 104.1558",PSV,I opplag,http://img1.maritime.no/wp-content/uploads/2016/11/21121044/Sea-Surfer.jpg,Kypros,2016-11-16,,Deep Sea Supply,2016-11-20
Sea Swan,,"0.99195, 103.3412",PSV,I opplag,http://img1.maritime.no/wp-content/uploads/2016/11/21121554/Sea-Swan.jpg,Kypros,2016-11-15,,Deep Sea Supply,2016-11-20
Sea Lynx,,"51.79315, 4.618238",AHTS,Solgt fra opplag,http://img1.maritime.no/wp-content/uploads/2016/02/01140934/Sea-Lynx.jpg,NOR,2016-01-28,,Deep Sea Supply,2016-11-21
Sea Falcon,Deep Sea Supply,"58.11759, 7.045217",PSV,Ut av opplag,http://www.maritime.no/wp-content/uploads/2015/05/Sea-Falcon.jpg,Kypros,2015-07-20,,Deep Sea Supply,2016-11-20
Sea Spear,Deep Sea Supply,"1.001117,  103.3423",PSV,Ut av opplag,http://www.maritime.no/wp-content/uploads/2015/11/SeaSpear.jpg,Kypros,2015-10-31,,Deep Sea Supply,2016-11-21
Sea Swift,Deep Sea Supply,"1.000333, 103.344",PSV,Ut av opplag,http://www.maritime.no/wp-content/uploads/2014/11/seaSwift_DeepSeaSupply.jpg,Kypros,2015-11-01,,Deep Sea Supply,2016-11-20
Sea Jaguar,," 0.9978, 103.3407",AHTS,I opplag,http://img1.maritime.no/wp-content/uploads/2016/11/21115150/Sea-Jaguar.jpg,Kypros,2016-11-10,,Deep Sea Supply,2016-11-20
Normand Seven,,"59.35957, 5.287318",Flerbruksskip,I opplag,http://img1.maritime.no/wp-content/uploads/2016/11/21131755/Normand-Seven.jpg,NIS,2016-11-20,,Solstad,2016-11-20
Normand Fortress,,"59.39688, 5.269142",Flerbruksskip,I opplag,http://img1.maritime.no/wp-content/uploads/2016/11/21132044/Normand-Fortress.jpg,NIS,2016-11-16,,Solstad,2016-11-21
Normand Progress,,"59.35949, 5.287745",Flerbruksskip,I opplag,http://img1.maritime.no/wp-content/uploads/2016/11/21132307/Normand-Progress.jpg,Storbritannia,2016-11-16,,Solstad,2016-11-21
Nor Captain,,"1.315227, 103.6482",AHTS,I opplag,http://img1.maritime.no/wp-content/uploads/2016/11/21132617/Nor-captain.jpg,Singapore,2016-11-16,,Solstad,2016-11-21
Sea Frost,,"5.955983, 80.1048",PSV,I opplag,http://img1.maritime.no/wp-content/uploads/2016/11/21121317/Sea-Frost.jpg,Kypros,2016-11-15,,Deep Sea Supply,2016-11-21
Far Service,Farstad,"62.44849, 6.281515",PSV,Varslet ut av opplag,http://www.maritime.no/wp-content/uploads/2015/10/far-service.jpeg,Storbritannia,2015-10-08,,Farstad,
Far Supporter,,"62.44855, 6.281593",PSV,Varslet ut av opplag,http://img1.maritime.no/wp-content/uploads/2016/09/23130425/Far-Supporter.jpeg,Storbritannia,2016-09-09,2016-08-12,Farstad,2016-09-23
KL Arendalfjord,,"59.13897, 9.636982",PSV,I opplag,http://img1.maritime.no/wp-content/uploads/2016/11/22102028/kl_arendalfjord.jpeg,Kypros,2016-11-16,,K-line,2016-11-22
NSO Champion,Nor Supply,"56.54477, 21.03768",PSV,Skrapet fra opplag,http://www.maritime.no/wp-content/uploads/2015/05/NSO-champion.jpg,Gibraltar,2015-01-21,2016-11-17,Nor Supply,2016-11-24
Grimshader,COG Offshore,"11.25403, -74.21671",PSV,Solgt fra opplag,http://www.maritime.no/wp-content/uploads/2015/05/cog_grimshader.jpg,Barbados,2015-05-11,2016-11-16,COG Offshore,2016-11-23
World Sapphire,,"36.50302, -6.26275",PSV,I opplag,http://img1.maritime.no/wp-content/uploads/2016/10/31102753/Worls-Sapphire.jpg,NIS,2016-10-31,,World Wide Supply,2016-10-31
Olympic Hercules,Olympic ,"58.34736, 11.89851",AHTS,I opplag,http://img1.maritime.no/wp-content/uploads/2016/02/29123014/OlympicHercules.jpg,NOR,2016-11-09,,Olympic,2016-11-24
Hugin Explorer,,"58.3448, 11.89965",PSV,I opplag,http://img1.maritime.no/wp-content/uploads/2016/11/24195231/Hugin-Explorer.jpg,Kypros,2016-11-09,,Seabird,2016-11-24
Far Splendour,,"62.4492, 6.277572",Beredskap,I opplag,http://img1.maritime.no/wp-content/uploads/2016/12/12094000/Far-splendour.jpeg,Storbritannia,2016-12-06,,Farstad,2016-12-12
Stril Power,,"58.99383, 5.693457",Beredskap,I opplag,http://img1.maritime.no/wp-content/uploads/2016/12/12094205/Stril-Power.jpg,NOR,2016-12-07,,Møkster,2016-12-11
NAO Galaxy,,"62.81707, 6.906207",Beredskap,I opplag,http://img1.maritime.no/wp-content/uploads/2016/12/12094647/Nao-Galaxy.jpg,NOR,2016-12-11,,Nordic American Offshore,2016-12-12
Sanco Spirit,,"62.29883, 5.661997",Seismikk,I opplag,http://img1.maritime.no/wp-content/uploads/2016/12/12094915/Sanco-Spirit.jpg,Gibraltar,2016-12-06,,Sanco,2016-12-12
Havila Fortune,,"62.32129, 5.673295",PSV,I opplag,http://img1.maritime.no/wp-content/uploads/2016/11/22110727/Havila-Fortune.jpg,Bahamas,2016-11-22,,Havila,2016-12-12
Sea Safety,,"59.03757, 5.66609",Beredskap,I opplag,http://img1.maritime.no/wp-content/uploads/2016/11/14134423/Sea-Safety.jpg,NOR,2016-11-14,,Chriship,2016-11-14
Normand Mermaid,Solstad,"60.21697, 5.976007",Flerbruksskip,I opplag men på kontrakt,http://img1.maritime.no/wp-content/uploads/2016/11/21133325/Normand-Mermaid.jpg,NIS,2016-11-21,,Solstad,2016-11-21
Sea Leopard,,"58.08136, 6.783388",PSV,I opplag,http://img1.maritime.no/wp-content/uploads/2017/01/02070812/Sea-Leopard.jpg,Kypros,2017-01-01,,Deep Sea Supply,2017-01-01
Boa Bison,Boa Offshore,"54.52403, 18.55471",AHTS,I opplag,http://www.maritime.no/wp-content/uploads/2015/03/BoaBison1.jpg,NOR,2015-11-02,,Boa Offshore,2017-01-02
Island Dawn,Island Offshore,"62.35413, 6.08317",PSV,I opplag,http://www.maritime.no/wp-content/uploads/2015/05/island-duchess.jpg,NOR,2015-05-21,,Island Offshore,2017-01-02
EM Leader,Seatrans / EMGS,,Seismikk,Skrapet fra opplag,http://www.maritime.no/wp-content/uploads/2015/09/EM-Leader-4.jpg,Bahamas,,,,2017-01-18
Boa Jarl,Boa Offshore,"54.52427, 18.55551",AHTS,I opplag,http://www.maritime.no/wp-content/uploads/2015/10/Boa-jarl.jpg,NOR,2016-12-11,2016-05-07,Boa Offshore,2016-12-12
Boa Galatea,,"54.52396, 18.55363",Seismikk,I opplag,http://img1.maritime.no/wp-content/uploads/2016/02/11180010/boa-galatea.jpeg,Cayman Islands,2016-01-13,,Boa Offshore,2017-01-18
Troms Pollux,,"69.63485, 18.93548",PSV,Ut av opplag,http://img1.maritime.no/wp-content/uploads/2016/10/25134513/Troms-Pollux.jpg,NOR,2016-10-05,2016-10-05,Troms offshore,2017-01-19
Sanco Star,,"28.14614, -15.42251",Seismikk,I opplag,http://img1.maritime.no/wp-content/uploads/2017/01/19113128/Sanco-Star.jpg,Gibraltar,2017-01-12,,Sanco,2017-01-18
Bourbon Clear,Bourbon Offshore,"42.23165, -8.736045",PSV,Ut av opplag,http://www.maritime.no/wp-content/uploads/2015/05/bourbon-clear.jpg,Bahamas,2015-03-18,2017-01-12,Bourbon,2017-01-19
Olympic Electra,,"53.88399, 14.264",PSV,I opplag,http://img1.maritime.no/wp-content/uploads/2017/01/19113637/Olympic-Electra.jpg,NOR,2017-01-05,,Olympic,2017-01-18
Olympic Elena,,"-22.87457, -43.12575",PSV,I opplag,http://img1.maritime.no/wp-content/uploads/2017/01/19114252/Olympic-Elena.jpg,Bahamas,2017-01-05,,Olympic,2017-01-18
Skandi Texel,,"59.82071, 5.262883",PSV,I opplag,http://img1.maritime.no/wp-content/uploads/2016/10/31104802/Skandi-Texel.jpg,NOR,2016-11-03,,DOF,2016-10-30
Normand Arctic,,"59.35912, 5.286733",PSV,I opplag,http://img1.maritime.no/wp-content/uploads/2017/01/02070245/Normand-Arctic.jpg,NOR,2016-12-15,,Solstad,2017-01-19
Norce Endeavour,,"1.305183, 103.6508",Flerbruksskip,Varslet ut av opplag,http://img1.maritime.no/wp-content/uploads/2017/01/20131446/Norce-Endeavour.jpg,Panama,2016-09-16,,Solstad,2017-01-18
Far Sagaris,Farstad,"-22.86801, -43.21101",AHTS,I opplag men på kontrakt,http://www.maritime.no/wp-content/uploads/2015/10/Far-Sagaris.jpeg,Storbritannia,2017-01-06,,Farstad,2017-01-18
Far Sound,,"0.730305, 104.1734",AHTS,I opplag,http://img1.maritime.no/wp-content/uploads/2017/01/20144040/Far-Sound.jpeg,Storbritannia,2017-01-05,,Farstad,2017-01-19
Far Sovereign,Farstad,"62.4486, 6.277488",Subsea,I opplag,http://www.maritime.no/wp-content/uploads/2015/10/Far-Sovereign.jpeg,NOR,2015-10-13,,Farstad,2017-01-12
Volstad Supplier,Volstad,"60.2328546, 5.1919395",PSV,Solgt fra opplag,http://www.maritime.no/wp-content/uploads/2015/11/VolstadSupplier.jpg,NOR,2015-11-07,,Volstad,2017-01-18
Havila Subsea,,"62.34362, 5.690629",Subsea,Varslet ut av opplag,http://img1.maritime.no/wp-content/uploads/2015/12/29082544/Havila-Subsea-800x450.jpg,NOR,2015-12-28,2017-01-22,Havila,2017-01-22
Neptune Naiad,Neptune Offshore,"62.296065, 5.618333",Seismikk,Solgt fra opplag,http://www.maritime.no/wp-content/uploads/2015/05/NEPTUNE-NAIAD-2.jpg,NIS,2013-12-11,2017-01-18,Neptune Offshore,2017-01-19
Skandi Saigon,,"60.08967, 5.215833",AHTS,Ut av opplag,http://img1.maritime.no/wp-content/uploads/2016/11/18135407/Skandi-Saigon.jpg,NIS,2016-11-02,2017-02-07,DOF,2016-11-18
Island Wellserver,Island Offshore,"62.35235, 6.083",Brønnintervensjon,Varslet ut av opplag,http://www.maritime.no/wp-content/uploads/2015/11/IslandWellserver.jpg,NOR,2015-10-01,2016-04-01,Island Offshore,
Island Frontier,Island Offshore,"62.35239, 6.08435",Brønnintervensjon,Varslet ut av opplag,http://www.maritime.no/wp-content/uploads/2015/11/IslandFrontier.jpg,NOR,2015-10-21,2016-04-01,Island Offshore,
Island Vanguard,,"62.33953, 5.820763",AHTS,Ut av opplag,http://img1.maritime.no/wp-content/uploads/2016/10/24095812/Island-Vanguard.jpg,NOR,2017-01-13,2017-02-06,Island Offshore,2017-01-19
Normand Aurora,,"59.3382, 5.296665",PSV,Ut av opplag,http://img1.maritime.no/wp-content/uploads/2017/01/02070454/Normand-Aurora.jpeg,NIS,2016-12-30,2017-02-09,Solstad,2017-01-02
Normand Mariner,,"59.33927, 5.298092",AHTS,I opplag,http://www.maritime.no/wp-content/uploads/2015/11/Mariner-1-e1409734273465.jpg,NOR,2015-11-25,,Solstad,2017-01-17
Far Serenade,Farstad,"62.44856, 6.281178",PSV,Ut av opplag,http://www.maritime.no/wp-content/uploads/2015/10/far-serenade.jpeg,NOR,2017-01-04,2017-02-27,Farstad,2017-02-27
Far Server,Farstad,"62.44877, 6.28142",PSV,Ut av opplag,http://www.maritime.no/wp-content/uploads/2015/05/Far-Server.jpg,Storbritannia,2015-05-11,2017-02-27,Farstad,2017-02-27
Far Sigma,Farstad,"62.44881, 6.277448",AHTS,Ut av opplag,http://www.maritime.no/wp-content/uploads/2015/10/Far-Sigma.jpeg,NOR,2015-10-14,2017-02-14,Farstad,2017-02-28
Edda Frigg,,"59.70037, 5.390012",PSV,Solgt fra opplag,http://img1.maritime.no/wp-content/uploads/2016/10/24102610/Edda-Frigg.jpg,NOR,2016-10-12,2017-02-02,Østensjø,2017-02-28
Edda Frende,,"59.70031, 5.390252",PSV,Ut av opplag,http://img1.maritime.no/wp-content/uploads/2017/01/18155552/Edda-Frende.jpg,NOR,2017-01-10,2017-02-01,Østensjø,2017-02-28
Far Strait,,,AHTS,I opplag,http://img1.maritime.no/wp-content/uploads/2017/03/06142655/far-strait.jpeg,Singapore,2017-03-06,,Farstad,2017-03-06
Far Senior,,"62.44888, 6.27865",AHTS,I opplag,http://img1.maritime.no/wp-content/uploads/2017/03/06143321/Far-Senior.jpeg,NOR,2017-03-01,,Farstad,2017-03-05
Far Sailor,,"62.44875, 6.277562",AHTS,I opplag,http://img1.maritime.no/wp-content/uploads/2017/03/06143514/Far-Sailor.jpeg,NOR,2017-03-02,,Farstad,2017-03-06
Far Scorpion,,"60.40139, 5.214893",AHTS,Ut av opplag,http://img1.maritime.no/wp-content/uploads/2017/01/02071035/Far-Scorpion.jpeg,NOR,2017-01-01,2017-03-02,Farstad,2017-03-06
Far Sabre,,"1.301985, 103.9699",AHTS,Ut av opplag,http://img1.maritime.no/wp-content/uploads/2016/09/23123612/Far-Sabre.jpeg,Storbritannia,2016-09-08,2017-03-01,Farstad,2017-03-06
Far Fosna,,"0.7249666, 104.1756",AHTS,Solgt fra opplag,http://img1.maritime.no/wp-content/uploads/2016/09/23124944/Far-Fosna.jpeg,NIS,2016-09-08,2017-03-02,Farstad,2017-03-06
Havila Mercury,,"62.34383, 5.689905",AHTS,Ut av opplag,http://img1.maritime.no/wp-content/uploads/2016/11/22124526/Havila-Mercury.jpg,NOR,2016-11-22,2017-03-30,Havila,2017-04-03
Olympic Pegasus,Olympic,"58.34739, 11.89891",AHTS,Ut av opplag,http://img1.maritime.no/wp-content/uploads/2016/11/10145754/OlympicPegasus.jpg,NOR,2016-11-10,2017-04-03,Olympic,2017-04-03
Olympic Poseidon,Olympic,"62.4745, 6.34609",AHTS,Solgt fra opplag,http://www.maritime.no/wp-content/uploads/2015/11/OlympicPoseidon.jpg,NOR,2015-11-11,2017-02-14,Olympic,2017-02-14
Olympic Commander,,"59.33371, 5.291273",PSV,Solgt fra opplag,http://img1.maritime.no/wp-content/uploads/2017/01/18155914/Olympic-Commander.jpg,NOR,2017-01-12,2016-12-20,Olympic,2017-04-03
Olympic Hera,,"59.33349, 5.29226",Flerbruksskip,Solgt fra opplag,http://img1.maritime.no/wp-content/uploads/2017/01/19114449/Olympic-Hera.jpg,NOR,2017-01-06,,Olympic,2017-04-03
Normand Supplier (tidl. Rem Supplier),,"62.29889, 5.651933",PSV,I opplag,http://img1.maritime.no/wp-content/uploads/2016/12/12095430/Rem-Supplier.jpeg,Bahamas,2016-12-06,,Rem Offshore (nå Solstad),2016-12-12
Normand Provider (tidl. Rem Provider),,"62.29871, 5.650455",PSV,I opplag,http://img1.maritime.no/wp-content/uploads/2016/10/25170824/rem-provider.jpg,NOR,2016-10-12,,Rem Offshore (nå Solstad),2016-10-25
Normand Falnes (tidl. Rem Fortress),,"62.47989, 6.191164",PSV,I opplag,http://img1.maritime.no/wp-content/uploads/2016/09/23111918/rem-fortress.jpg,NOR,2016-09-15,,Rem Offshore (nå Solstad),2016-09-23
Normand Supporter (tidl. Rem Supporter),,"62.49496 , 6.20738",PSV,I opplag,http://img1.maritime.no/wp-content/uploads/2016/09/23112227/Rem-Supporter.jpg,NOR,2016-09-23,,Rem Offshore (nå Solstad),2016-09-23
Rem Stadt,Remøy Shipping,"62.34308, 5.629601",PSV,Solgt fra opplag,http://www.maritime.no/wp-content/uploads/2015/10/Rem_Stadt.png,NOR,2015-10-20,,Remøy Shipping,
Rem Star,Rem Offshore,"62.29882, 5.651747",PSV,Solgt fra opplag,http://www.maritime.no/wp-content/uploads/2015/05/Rem_Star_-_REM_Maritime.jpg,NOR,2015-05-11,,Rem Offshore (nå Solstad),
Normand Provider (tidl. Rem Provider),Rem Offshore,"62.29871, 5.650455",PSV,I opplag,http://www.maritime.no/wp-content/uploads/2015/05/Rem_Provider_-_REM_Maritime.jpg,NOR,2015-03-11,,Rem Offshore (nå Solstad),
Normand Tonjer (tidl. Rem Vision),Rem Offshore ,"62.25148, 5.486863",Subsea,I opplag,http://www.maritime.no/wp-content/uploads/2015/05/REM-VISION1.jpg,NOR,,,Rem Offshore (nå Solstad),
Normand Sira (tidl. Rem Mermaid),,,PSV,Varslet opplag,http://img1.maritime.no/wp-content/uploads/2016/09/23112615/Rem-mermaid.jpg,NOR,2016-10-14,,Rem Offshore (nå Solstad),
Bourbon Mistral,Bourbon Offshore,"62.0948715, 5.54909706",PSV,Ut av opplag,http://www.maritime.no/wp-content/uploads/2015/05/Bourbon-Rainbow.jpg,NOR,2015-06-14,,Bourbon,2017-04-05
Nao Horizon,,"62.8168793, 6.90521717",PSV,I opplag,http://img1.maritime.no/wp-content/uploads/2017/04/05140018/NAO-Horizon.jpg,NOR,2017-04-03,,Nordic American Offshore,2017-04-04
Ocean Odyssey,,"61.938179, 5.1202879",Seismikk,I opplag,http://img1.maritime.no/wp-content/uploads/2017/04/05140425/Ocean-Odyssey.jpg,NIS,2017-04-04,,Remøy Shipping,2017-04-05
Normand Fortune (tidl. Rem Fortune),,"63.72941, 9.592465",PSV,Ut av opplag,http://img1.maritime.no/wp-content/uploads/2016/10/31103318/Rem-Fortune.jpg,NOR,2016-10-31,2017-04-04,Rem Offshore (nå Solstad),2017-04-05
Far Statesman,Farstad,"62.44901, 6.277538",AHTS,Ut av opplag,http://www.maritime.no/wp-content/uploads/2015/10/far-statesman.jpeg,NOR,2017-01-12,2017-03-08,Farstad,2017-04-05
Far Scimitar,,"0.722755, 104.1659",AHTS,Ut av opplag,http://img1.maritime.no/wp-content/uploads/2016/09/23123352/far-scimitar.jpeg,Storbritannia,2016-09-15,2017-02-01,Farstad,2017-04-05
Stril Pioner,,"58.994, 5.6935",PSV,Ut av opplag,http://img1.maritime.no/wp-content/uploads/2016/10/25134935/Stril-Pioner.jpg,NOR,2016-10-04,2017-04-04,Møkster,2017-04-05
Standard Viking (tidligere Volstad Viking),Volstad,"62.463, 6.158",PSV,Solgt fra opplag,http://www.maritime.no/wp-content/uploads/2015/11/VolstadViking.jpg,NOR,2016-11-07,2016-06-13,Volstad,2017-01-18
Island Crusader,,"62.35409, 6.083919",PSV,Ut av opplag,http://img1.maritime.no/wp-content/uploads/2016/10/24094223/Island-Crusader.jpg,NOR,2016-10-12,2017-04-04,Island Offshore,2017-04-05
Island Endeavour,,"62.28543, 5.860195",PSV,Ut av opplag,http://img1.maritime.no/wp-content/uploads/2016/10/25132327/Island-Endeavour.jpg,NOR,2016-10-18,2017-04-03,Island Offshore,2017-04-05
Island Spirit,Island Offshore,"62.33569, 5.850345",Subsea,Ut av opplag,http://www.maritime.no/wp-content/uploads/2015/11/IslandSpirit1.jpg,NIS,2015-11-07,2017-04-04,Island Offshore,2017-04-05
Siem Sapphire,Siem Offshore,"61.93029, 5.449902",AHTS,Ut av opplag,http://www.maritime.no/wp-content/uploads/2015/11/SiemSapphire.jpg,NOR,2015-11-03,2017-04-03,Siem Offshore,2017-04-05
Siem Ruby,Siem Offshore,"61.93108, 5.453053",AHTS,Ut av opplag,http://img1.maritime.no/wp-content/uploads/2016/08/19122446/SiemRuby.jpg,NIS,2016-07-01,2017-04-04,Siem Offshore,2017-04-05
Normand Ocean (tidl. Rem Ocean),,"61.84893, 6.314242",Flerbruksskip,Ut av opplag,http://img1.maritime.no/wp-content/uploads/2017/01/19111924/IMG_4285.jpg,NOR,2016-12-15,2017-04-03,Rem Offshore (nå Solstad),2017-04-05
Normand Jarl (tidl. Rem Installer),,"62.32133, 5.670967",Subsea,Ut av opplag,http://img1.maritime.no/wp-content/uploads/2016/10/25170633/rem-installer.jpg,Bahamas,2016-10-18,2017-02-09,Rem Offshore (nå Solstad),2017-04-05
Island Express,Island Offshore,"62.33566, 5.850307",PSV,Solgt fra opplag,http://www.maritime.no/wp-content/uploads/2015/05/Island-Express1.jpg,NOR,2015-08-16,2017-04-03,Island Offshore,2017-04-05
Siem Aquamarine,Siem Offshore,"58.4958, 8.877862",AHTS,Ut av opplag,http://www.maritime.no/wp-content/uploads/2015/05/Siem_Aquamarine_16706723597-400x2251.jpg,NOR,2015-05-11,2017-04-04,Siem Offshore,2017-04-04
Skandi Pacific,,"59.92507, 5.314422",AHTS,Ut av opplag,http://img1.maritime.no/wp-content/uploads/2017/01/18155230/Skandi-Pacific.jpg,Bahamas,2016-10-13,2017-01-12,DOF,2017-04-05
Sea Titus,,"58.26131, 6.840941",PSV,Ut av opplag,http://img1.maritime.no/wp-content/uploads/2016/12/12094436/Sea-Titus.jpg,Kypros,2016-12-12,2017-04-04,Deep Sea Supply,2017-04-04
normand baltic,,"1.303252, 103.6489",Subsea,Ut av opplag,http://img1.maritime.no/wp-content/uploads/2017/01/20131726/Normand-Baltic.jpg,Storbritannia,2016-09-27,2017-04-03,Solstad,2017-04-03
Normand Skipper,Solstad,"59.33749, 5.297975",Beredskap,Ut av opplag,http://www.maritime.no/wp-content/uploads/2015/05/Normand-Skipper.jpg,NOR,2015-05-22,2017-04-04,Solstad,2017-04-03
Stril Server,,"58.99371, 5.693615",Subsea,Ut av opplag,http://img1.maritime.no/wp-content/uploads/2017/01/18154808/Stril-Server.jpg,NIS,2017-01-12,2017-04-03,Møkster,2017-04-03
Ocean Scout,Atlantic Offshore,,PSV,,http://www.maritime.no/wp-content/uploads/2015/05/Ocean-Scout.jpg,NIS,2015-03-11,,Myklebusthaug,2016-08-18
Normand Server (tidl. Rem Server),,"62.49486, 6.206958",PSV,I opplag,http://img1.maritime.no/wp-content/uploads/2016/09/23112427/rem-server.jpg,NOR,2016-09-23,,Rem Offshore (nå Solstad),2016-09-23
Viking Poseidon,Eidesvik,"59.61124, 5.241685",Subsea,Solgt fra opplag,http://www.maritime.no/wp-content/uploads/2015/10/Viking-Poseidon.jpg,NOR,2015-10-07,2017-02-09,Eidesvik,2017-04-06
Evita,,"58.3567, 8.610935",PSV,I opplag,http://img1.maritime.no/wp-content/uploads/2017/04/06121808/Evita.jpeg,NOR,2017-04-04,,Ugland,2017-04-05
Olympic Bibby,,"62.08535, 6.875428",Flerbruksskip,Ut av opplag,http://img1.maritime.no/wp-content/uploads/2017/01/19114049/Olympic-Bibby.jpg,Bahamas,2017-01-06,2017-04-05,Olympic,2017-04-06
Island Constructor,,"62.58729, 6.920152",Subsea,Varslet ut av opplag,http://www.maritime.no/wp-content/uploads/2015/10/Skjermbilde-2015-10-21-kl.-09.56.54.png,NOR,2015-12-07,,Island Offshore,2017-01-18
Havila Borg,,"62.30022, 5.652407",PSV,Ut av opplag,http://img1.maritime.no/wp-content/uploads/2016/11/22124621/Havila-Borg.jpg,NIS,2016-11-22,2017-04-10,Havila,2017-04-10
Skandi Neptune,,"60.08927, 5.216804",Subsea,I opplag,http://img1.maritime.no/wp-content/uploads/2017/04/10161445/Skandi-Neptune.jpg,NIS,2016-11-17,,DOF,2017-04-09
Olympic Promoter,,"62.47372, 6.347798",PSV,I opplag,http://img1.maritime.no/wp-content/uploads/2017/03/17172752/Olympicpromoteropplag1-liten-alesund.jpeg,Bahamas,2017-03-03,,Olympic,2017-04-10
Olympic Challenger,,"58.34641, 11.89917",Subsea,Ut av opplag,http://img1.maritime.no/wp-content/uploads/2016/11/24193132/olympic-challenger.jpg,Bahamas,2016-11-10,2017-04-04,Olympic,2017-04-12
Normand Clipper,,"59.30283, 5.375758",Subsea,I opplag men på kontrakt,http://img1.maritime.no/wp-content/uploads/2016/11/21133717/Normand-Clipper.jpg,NIS,2016-11-21,,Solstad,2017-01-18
Bourbon Front,," 42.23136, -8.736267",PSV,Ut av opplag,http://img1.maritime.no/wp-content/uploads/2016/10/24112052/Bourbon-Front.jpg,Bahamas,2016-10-13,2017-04-05,Bourbon,2016-10-24
Normand Cutter,,"59.30318, 5.375572",Subsea,Varslet ut av opplag,http://img1.maritime.no/wp-content/uploads/2016/11/21133055/Normand-Cutter.jpg,NIS,2016-11-16,2017-04-18,Solstad,2017-04-18
Freyja Viking,Viking Supply Ships,"58.34636, 11.89435",PSV,I opplag,http://img1.maritime.no/wp-content/uploads/2016/03/14090706/Freyja_Viking.jpg,NIS,2016-03-13,,Viking Supply,
Ocean King,Atlantic Offshore,"60.23752, 5.04883",Flerbruksskip,Solgt fra opplag,http://img1.maritime.no/wp-content/uploads/2016/08/29130340/Ocean_-FIFI-800x450.jpg,NOR,2016-08-26,2017-04-24,Atlantic Offshore,2017-04-24
Olympic Commander (tidl. Canyon),,"62.47415, 6.345718",Flerbruksskip,Ut av opplag,http://img1.maritime.no/wp-content/uploads/2016/09/26111140/Olympic-Canyon.jpg,NIS,2016-08-12,2017-04-22,Olympic,2017-04-24
IES Energy,,"62.22121, 5.645232",Flerbruksskip,I opplag,http://img1.sysla.no/wp-content/uploads/2017/04/11143841/kleven.jpg,Marshalløyene,2017-01-04,,,2017-04-23
