 , , , , ,Rig information,,,,,Rig Ratings,,Contract information,,,Vessel particulars,,,,,,,,,Vessel particulars continued,,,,,,,Lifting equipment,,,,,Drilling equipment,,,,,,,,,,,,Mud systems,,,,,,,,Riser & Riser tensioner data,,,,,,,BOP & BOP control data,,,,,,,,,Landing facilities,, , ,  , , 
 , ,  , , ,Vessel type,Vessel design,Construction date,Upgrade date,Classification,Maximum water depth rating,Maximum drilling depth,Status,Current contract,Area of operations,Total vessel power,Maximum vessel speed(transit speed),Quarters capacity,Length,Width,Transit draft,Operation draft,Maximum variable load (operating/survival),Moonpool size (ft. X ft),Thrusters (No. And H.P),Size of chain,Chain grade,Length of chain,Wire rope diameter,Length of wire rope,Anchor size (No x M.T),Pedestal crane 1,Pedestal crane 2,Pedestal crane 3,Pedestal crane 4,Riser handling crane,Derrick rating,Derrick manufacturer,Derrick footprint (ft.  X ft. X ft),Drawworks,Drawworks,Drill line size,Rotary table size,Iron roughneck,Top drive,Heave compensator(motion compensator),Heave compensator capacity (operating/pinned)),Pipe racking system,Mud pumps,Mud Pumps,Liquid Mud,Fuel Oil,Bulk storage capacity (mud/cement or total),Shale shakers,Desander,Desilter,Riser tensioner(total capacity),Riser tensioners,Riser tensioners,Diverter size,Riser size,Riser joint length,Riser manufacturer,BOP Operating pressure,C&K line size,Ram BOP's,Ram BOP's,Annular BOP's,Annular BOP's,Wellhead connector,BOP control system,BOP control system,Helideck (type),Helideck size (ft. x ft.),Imagebase,Caption image,Rig Information,Last Edited On,Created On
Rigid,Rig,Owner,Leaseholder, Current Status, , ,Yr.,Yr.,society,ft.,ft., ,expiration (Yr./month, ,H.P,knots,persons,ft.,ft.,ft.,ft.,M.T. , , ,In., ,ft.,in.,ft., ,M.T.,M.T.,M.T.,M.T.,M.T.,Max Hook kips,Name, ,H.P.,Manufacturer,In.,In.,Manufacturer & Model,Manufacturer & Model,Manufacturer,Kips ,Model,No.,Manufacturer & Model,bbls.,bbls.,Cu. ft.  ,No.,No.,No.,kips, ,Manufacturer,In.,O.D. In.,ft.,Manuf.,Ksi ,I.D. In.,No.,Manuf.,No.,Manuf.,Type,Type,Manuf., , , , , ,2/7/2014 0:10:55,1/24/2014 3:44:13
1,Eirik Raude,Ocean Rig,Africa Petroleum/TBA,Aktiv,SS,Trosvik Bingo 9000,2002,,DNV+1A1,"10,000","30,000",Active,2014/10,Africa,"61,200",6-7,140 (120 NCS),392,279,39.4,77.9,5900/5900,23x47,6x7370,"3,3""",,,"2,76""",3281,8x15,75,75,,,,2000,Hydralift,170x40x40,4000,Continental Emsco,"2""","60,5""",NOV HydraTong,Hydralift HPS 1000 2E AC,Hydralift,1000/ 2000,"Hydralift, HydraRacker",3,Continental Emsco FC-2200,"10,402","29,130",12360/ 12360,5,1,,3200,8,Hydralift,"24,5""","21""",75,Vetco,15,"3,06""",4,Cameron,2,Cameron,Vetco Super HD H4,MUX,Cameron,-,74x74,"ErikRaude-1.jpg, ErikRaude-2.jpg, ErikRaude-3.jpg",semisubmersible,,2/7/2014 2:59:51,6/8/2012 7:36:15
2,Energy Endeavour,Northern Offshore,Maersk Olie og Gas,Aktiv,JU,Gusto Independent 3leg cantilever,1982,,DNV,300,"25,000",Active,2014/11,Holland,9900,5,96,226,259,22.75,,"2,693",,,,,,,,"4x7,48",50,28,,,5,1000,Dreco,160x30x30,2000,NOV,,"49,5""",NOV AR70,NOV TDS-4H,,,,3,NOV 12-P-160,"1,635","3,171",4500/4500,4,,,,,,,,,,10,"3""",3,Cameron,2,Shaffer,,Hydraulic,Koomey,Sikorsky S-61N,83x83,"EnergyEndeavour-1.jpg, EnergyEndeavour-2.jpg",semisubmersible,,3/7/2014 4:57:04,6/8/2012 7:37:29
3,Ensco 70,ENSCO,RWE Dea,Aktiv,JU,Hiatchi K1032N,1981,1996,ABS,250,"25,000",Active,2014/02,UK,"6,075",4.5,90,230,250,15.3,,"4,830",,,,,,"1,5""",2132,"1x5,5",39,29,,,,1500,Dreco,160x30x30,3000,NOV,,"37,5""",NOV AR3200,NOV TDS-4S,,,PH-85 pipe handler,3,NOV 12-P-160,"1,732","2,198",5000/5000,4,2,20,,,,"49,5""",,,,10,"3,0625""",3,Cameron,1,Hydril,,,Shaffer Koomey,Sikorsky S-61,-,"Ensco70-1.jpg, Ensco70-2.jpg",semisubmersible,,2/7/2014 0:34:12,1/24/2014 3:31:00
4,Ensco 71,ENSCO,Maersk Olie og Gas,Aktiv,JU,Hiatchi K1032N,1982,1995,ABS,225,"25,000",Active,2014/05,Denmark,"8,150",4.5,80,230,250,15.25,,"4,762",,,,,,"1,73""",2132,"4x4,5",60,39,,,,1500,Dreco,160x30x30,2000,NOV,,"37,5""",NOV AR3200,NOV TDS-4H,,,PH-85 pipe handler,3,NOV 12-P-160,"1,813","2,950",5000/5000,4,1,20,440,4,,"49,5""",,,,10,"3,0625""",3,Cameron,1,Hydril,,,Koomey,"Sikorsky S-92, EH 101",-,Ensco71-1.jpg,semisubmersible,,2/7/2014 0:34:11,1/24/2014 3:30:41
5,GSF Monarch,Transocean,Maersk/GDF Suez,Aktiv,JU,Friede & Goldman L-780 Mod V,1986,,ABS,361,"30,000",Active,2015/06,UK,"8,260",,98,228,222,17,,3360/,30x52,,,,,,,7.5,39,39,39,,,1400,J Paris,160x36X36,3000,Continental Emsco,"1,5""","49,5""",NOV AR3200,NOV TDS-4S,,,,3,Continental Emsco FB-1600,"2,237",,"12,600",5,,  ,,,,"49,5""",,,,10,"3,06""",4,Shaffer,1,Hydril,,Hydraulic,Koomey,-,-,"Monarch-1.JPG, Monarch-2.jpg",semisubmersible,,3/7/2014 5:16:24,6/8/2012 7:37:29
6,Maersk Resolve,Maersk Drilling,EON/DONG,Aktiv,JU,MSC CJ 50-X100 MC,2009,,ABS,350,"30,000",Active,2016/07,Denmark,"9,920",,120,229,223,,,/4500,,,,,,,,,80,80,12,,,1500,MH,210x45x45,4500,Wirth GH,"1,75""","49,5""",MH Torquqmaster,MH DDM-750-AC,,,,3,Wirth TPK,"6,000","3,400",10550/7050,4,,,600,4,,"49,5""",,,,15,"3,06""",4,Hydril,1,Hydril,,Hydraulic,Hydril,Sikorsky S-61N & EH-101,74x74,"MaerskResolve-1.jpg, MaerskResolve-2.jpg, MaerskResolve-3.jpg",semisubmersible,,3/24/2014 1:16:22,6/8/2012 7:37:29
7,Paragon C20052,Paragon Offshore,Centrica,Aktiv,JU,CFEM T-2005-C ,1982,,DNV+1A1,256,"30,000",Active,2014/05,UK/Holland,"6,600",,100,245,283,14.6,,"2,694",,,,,,,,,40.8,85,,,,1000,Joseph Paris,160x36x36,2000,NOV,,"37,5""",NOV AR3200,NOV TDS-4S,,,,3,NOV 12-P-160,"1,925","2,440",11000,4,1,,,,,"49,5""",,,,10,,3,Cameron,1,Hydril,,,Koomey,-,-,NobleByronWelliver-1.jpg,jackup,,2/20/2015 4:04:20,6/8/2012 7:37:29
8,Ocean Guardian,Diamond Offshore,Shell,Aktiv,SS,Earl & Wright Sedco 700 Series,1985,,ABS+A1,"1,500","25,000",Active,2015/07,UK,"13,000",8,102,227.5,197,21,83.5,3125/-,19x20,,"3""",K4,4500,,,8x12,54,56,,,,1333,Dreco,185x50x40,2500,NOV,"1,5""","49,5""",NOV AR3200,NOV TDS-4S,Brown Brothers,600,PH-85 pipe handler,3,NOV A1700-PT,"1,893","2,216","18,166",4,,,800,10,Shaffer,"24""","21""",50,NOV Shaffer,15,"3,0625""",2,Cameron,2,Cameron,,,,Sikorsky S-61,89x83,"OceanGuardian-1.jpg, OceanGuardian-2.jpg, OceanGuardian-3.jpg",semisubmersible,,1/24/2014 2:48:05,1/24/2014 3:54:06
9,Maersk Resolute,Maersk Drilling,Hess,Aktiv,JU,MSC CJ 50-X100 MC,2008,,ABS,350,"30,000",Active,2014/08,Denmark,"9,920",,120,229,223,,,/4500,,,,,,,,,80,80,12,,,1500,MH,210x45x45,4500,Wirth GH,"1,75""","49,5""",MH Torquqmaster,MH DDM-750-AC,,,,3,Wirth TPK,"6,000","3,400",10550/7050,4,,,600,4,,"49,5""",,,,15,"3,06""",4,Hydril,1,Hydril,,Hydraulic,Hydril,Sikorsky S-61N & EH-101,74x74,"MaerskResolute-1.jpg, MaerskResolute-2.jpg, MaerskResolute-3.jpg",jackup,,2/7/2014 3:08:29,6/8/2012 7:37:29
10,Paragon C20051,Paragon Offshore,Total,Aktiv,JU,CFEM T-2005-C ,1982,2005,DNV+1A1,360,"25,000",Active,2014/06,UK/Holland,"10,000",4,96,245,283,,15,"2,650",,,,,,,,8.2,40,40,,,,1000,Joseph Paris,147x36x36,4600,NOV,"1,5""","37,5""",NOV AR3200,NOV TDS-8SA,,,,2,NOV HEX 240,"3,560","2,434",11000,4,,,,,,"49,5""",,,,15,,3,Cameron,1,Cameron,,,Koomey,-,-,NobleAlWhite-1.jpg,jackup,,2/20/2015 4:04:02,6/8/2012 7:37:29
11,Paragon C461,Paragon Offshore,Dana/GDF Suez/Taqa,Aktiv,JU,MSC CJ 46 ,1982,,DNV+1A1,205,"25,000",Active,2015/01,Holland,"7,680",,91,182,204,,13,"2,300",,,,,,,,,50,50,,,,1213,UIE,160x30x30,2000,NOV,,"49,5""",NOV AR3200,NOV TDS-4S,,,,3,NOV 12-P-160,"2,100","2,183",7062,4,1,,,,,"49,5""",,,,10,,3,Cameron,1,Hydril,,,Koomey,-,-,"NobleLyndaBossler-1.jpg, NobleLyndaBossler-2.jpg, NobleLyndaBossler-3.jpg",jackup,,2/20/2015 4:03:37,6/8/2012 7:37:29
12,Paragon C462,Paragon Offshore,GDF Suez,Aktiv,JU,MSC CJ 46 ,1982,,DNV+1A1,250,"25,000",Active,2014/01,Holland,"9,280",,80,182,203,,13,"3,040",,,,,,,,,50,50,,,,1213,UIE,147x30x30,1600,NOV,,"49,5""",NOV AR3200,NOV TDS-4S,,,,3,NOV 12-P-160,"2,300","3,600",12000,3,,,,,,"49,5""",,,,10,,3,Cameron,1,Hydril,,,Koomey,-,-,"NoblePietvanEde-1.jpg, NoblePietvanEde-2.jpg, NoblePietvanEde-3.jpg",jackup,,2/20/2015 4:04:45,6/8/2012 7:37:29
13,Paragon C463,Paragon Offshore,GDF Suez,Aktiv,JU,MSC CJ 46 ,1982,2004,ABS+A1,205,"25,000",Active,2014/01,Holland,"9,280",,92,182,203,30,13,"3,300",,,,,,,,,50,50,,,,1400,UIE,147x30x30,3000,Continental Emsco,,"49,5""",NOV AR3200,NOV TDS-4H,,,,3,Continental Emsco FB-1600,"2,800","3,868",8624,4,1,,,,,"49,5""",,,,10,,3,Cameron,3,Shaffer & Hydril,,,Koomey,-,-,"NobleRonaldHoope-1.jpg, NobleRonaldHoope-2.jpg, NobleRonaldHoope-3.jpg",jackup,,2/20/2015 4:05:10,6/8/2012 7:37:29
14,West Hercules,Seadrill,Statoil,Aktiv,SS,Gotaverken Enhanced GVA 7500,2008,,DNV,"9,850","32,810",Active,2016/12,Norway,"50,400",6,180,382,317,,75.5,"7,000",,8x4624,,,6561,,,,75,75,40,,40,2000,MH,,4500,Wirth,"2""","60,5""",AKMH,MH DDM-1000-AC-2M,MH,,MH Knuckle boom,4,Wirth TPK - 2200,"15,536","21,260",21895/ 9888,6,,,3600,6,Cameron,"21""","19,25""",75,Cameron,15,,5,Cameron,2,Cameron,Cameron C-pro,,,Sikorsky S-61 & S-92,-,"WestHercules-1.jpg, WestHercules-2.jpg, WestHercules-3.jpg",semisubmersible,,2/7/2014 0:24:53,6/8/2012 7:37:29
15,West Navigator,Seadrill,Shell,Aktiv,DS,MST converted,2000,N/A,DNV,"8,200","29,500",Active,2014/07,Norway,"43,000",12,117,830,138,43,43,/9000,39x63,4x6120,,,,,,,70,35,35,10,12,1300,MH,,2200,MH Ram Rig/Aker,,"60,5""",MH Gateless,MH,MH,1300/1300,MH,3,NOV 14-P-220,"6,600","21,385",18540/11124,6,1,2,2560,16,MH,"60,5""","21""",75,Dril-Quip,15,"4,5""",5,Hydril,2,Hydril,DrilQuip DX,MUX,Hydril,Sikorsky S-61,-,"WestNavigator-1.jpg, WestNavigator-2.jpg, WestNavigator-3.jpg",semisubmersible,,2/7/2014 0:24:39,6/8/2012 7:37:29
16,Maersk Gallant,Maersk Drilling,Conoco Phillips/Statoil,Aktiv,JU,MSC CJ62S 120,1993,,Lloyd´s,394,"25,000",Active,2016/05,Norway,"8,075",4,100,257,296,19.4,,/4500,,,"2""",,2624,,,,"44,6","44,6",30,,,1650,Continental Emsco,160x40x40,3000,Continental Emsco,"1,75""","49,5""",NOV AR3200,NOV TDS-6S,,,NOV PHM-3,3,Continental Emsco FC-2200,"5,035","4,240",9100/5600,4,,1,480,4,,"49,5""",,,,15,"3,06""",3,Shaffer,1,Shaffer,,TX 448,Koomey,Sikorsky S-61N,74x74,"MaerskGallant-1.jpg, MaerskGallant-2.jpg",jackup,,2/7/2014 0:06:39,1/24/2014 3:56:42
17,Maersk Giant,Maersk Drilling,DONG/Talisman/Det norske/Repsol/Centrica,Aktiv,JU,Hitachi Zosen Giant Class,1986,,DNV,350,"25,000",Active,2014/10,Denmark,"8,253",4,100,277,295,15.7,,/4500,,,"2""",,2624,,,,"24,1",45,"49,5",,,1000,NOV,160x30x30,2000,NOV,"1,5""","49,5""",NOV AR4497,NOV TDS-4S,,,NOV PRS 8i,3,NOV 12-P-160,"2,900","4,335",8100/5400,3,,,880,4,,"49,5""",,,,15,"2,5""",8,Shaffer,2,Shaffer,,T-3000,Koomey,Sikorsky S-61N & S-92,83x83,"MaerskGiant-1.jpg, MaerskGiant-2.jpg, MaerskGiant-3.jpg",jackup,,9/15/2015 0:54:08,1/24/2014 3:57:20
18,Maersk Guardian,Maersk Drilling,Lundin,Aktiv,JU,Hitachi Zosen Giant Class,1986,,Lloyd´s,350,"25,000",Active,2014/07,Denmark,"8,253",4,100,277,295,15.7,,/5000,,,"2""",,2624,,,,"24,1",45,"49,5",,,1000,NOV,160x30x30,2000,NOV,"1,5""","49,5""",NOV AR4498,NOV TDS-4S,,,NOV PRS 8i,3,NOV 12-P-160,"2,800","4,335",8100/5400,4,,,660,4,,"49,5""",,,,15,"2,5""",4,Shaffer,2,Shaffer,,T-3000,Koomey,"Sikorsky S-61N, S-92 & EH101",83x83,"MaerskGuardian-1.jpg, MaerskGuardian-2.jpg, MaerskGuardian-3.jpg",jackup,,9/15/2015 0:54:26,1/24/2014 3:58:16
19,Maersk Innovator,Maersk Drilling,Conoco Phillips,Aktiv,JU,MSC CJ 70-150MC,2003,,DNV,492,"30,000",Active,2017/02,Norway,"14,420",4,120,291,336,26.2,,/7900,,,"2,2""",,3281,,,,45,45,45,,,2000,WQ,210x46x52,4600,Varco,"1,75""","49,5""",NOV AR4500,NOV TDS-8SA,,,NOV PRS 6is,4,3xWirth TPK 2200 & 1xWirth TPK 800,"9,691","10,485",8829/7059,6,,2,1100,8,,"49,5""",,,,15,"3,06""",4,Shaffer,1,Shaffer,,MUX,Shaffer,Sikorsky S-61N,74x74,"MaerskInnovator-1.jpg, MaerskInnovator-2.jpg, MaerskInnovator-3.jpg",jackup,,2/7/2014 0:06:39,1/24/2014 3:59:06
20,Maersk Inspirer,Maersk Drilling,Statoil,Aktiv,JU,MSC CJ 70-150MC,2004,,DNV,492,"30,000",Active,2016/01,Norway,"14,644",4,120,291,336,26.2,,/8900,,,"2,2""",,3281,,,,45,45,45,,,2000,WQ,210x46x52,4600,Varco,"1,75""","49,5""",NOV AR4500,NOV TDS-8SA,,,NOV PRS 6is,4,3xWirth TPK 2200 & 1xWirth TPK 800,"6,793","11,183",8829/7059,6,,2,1100,8,,"49,5""",,,Aker,15,"3,06""",4,Shaffer,1,Shaffer,,MUX,Shaffer,Sikorsky S-61N,74x74,"MaerskInspirer-1.jpg, MaerskInspirer-2.jpg, MaerskInspirer-3.jpg",jackup,,2/7/2014 0:06:37,1/24/2014 3:59:25
21,Maersk Reacher,Maersk Drilling,BP,Aktiv,JU,MSC CJ50-X100 MC,2009,,ABS,350,"30,000",Active,2014/09,Norway,"10,700",,110,229,223,,,/4500,,,,,,,,,49,49,,,,1500,MH,210x45x45,4500,Wirth GH,"1,75""","49,5""",MH Torque Master,MH DDM-750-AC,,,,3,Wirth TPK-2200 triplex,"6,290","3,400",10550/7050,4,,,660,4,,"49,5""",,,,15,,4,Hydril,1,Hydril,,,Hydril,Sikorsky S-61N & EH-101,94x94,"MaerskReacher-1.jpg, MaerskReacher-2.jpg, MaerskReacher-3.jpg",jackup,,2/7/2014 0:06:33,1/24/2014 4:06:58
22,Rowan Stavanger,Rowan Drilling,Talisman Norway,Aktiv,JU,KFELS Class N,2011,,DNV,400,"35,000",Active,2013/12,UK,,,120,264,289,,,"8,065",,,,,,,,,31,31,31,,,2200,NOV,180x40x40,4600,NOV,"2""","49,5""",Wellquip JiM20 ,NOV HPS 03-1000,,,,3,NOV 14-P-220,"7,220","5,535",8825/ 7060,5,,,,,,"49,5""",,,,15,"3,0625""",2,Shaffer,1,Shaffer,,,,Sikorsky S-61 & S-92,-,"RowanStavanger-1.jpg, RowanStavanger-2.jpg, RowanStavanger-3.jpg",jackup,,4/15/2015 3:55:09,6/8/2012 7:37:29
23,West Elara,Seadrill,Statoil,Aktiv,JU,Gusto MSC CJ70-X150A,2011,,DNV+1A1,492,"35,000",Active,2017/03,Norway,"18,550",,120,291,319,26.2,,/12000,,,"2""",,,,,4x8,85,85,85,,3.5,2500,TTS Sense,160x40x45,3000,TTS Sense,"2""","60,5""",Wellquip JIM 20,TTS Sense TD 1150 AC-2M,,,TTS Sense,3,Wirth TPK - 2200,"5,370","12,830",11124/8052,2,,,883,,,"49,5""",,,,15,,4,Hydril,1,Hydril,,Hydraulic,Hydril,-,-,"WestElara-1.jpg, WestElara-2.jpg, WestElara-3.jpg",jackup,,2/7/2014 0:25:00,6/8/2012 7:37:29
24,West Epsilon,Seadrill,Statoil,Aktiv,JU,MSC CJ62 S120,1993,1996/1999/2001/2002,DNV+1A1,400,"30,000",Active,2014/12,Norway,"8,450",,115,257,296,,,/3350,,,"2""",,3100,,,,50,50,34,,,2000,MH,160x40x40,3000,CE,,"49,5""",TW-102,NOV TDS-6S,,,,3, Continental Emsco FC-2200,"5,350",,9200/6400,4,,,,,,,,,,15,,6,Cameron & Shaffer,2,Cameron & Shaffer,,,Koomey,-,-,"WestEpsilon-1.jpg, WestEpsilon-2.jpg, WestEpsilon-3.jpg",jackup,,2/7/2014 0:25:00,6/8/2012 7:37:29
25,Bideford Dolphin,Dolphin Drilling,Statoil,Aktiv,SS,Aker H-3 Enhanced,1975,1997/1999,DNV+1A1,"1,500","20,000",Active,2017/01,Norway,"8,800",4,100,355,221,60,70,/3400,19x20,2x,"3""",K4,4500,,,8x14,40,50,,,,1300,MH Ram Rig/Aker,,3000,Continental Emsco,"1,5""","49,5""",,MH DDM-650,MH Ram Rig/Aker,,,3,Continental Emsco FB-1600,"6,600",,11047/11047,,,,800,8,Rucker Shaffer,"23""","20,5""",,Vetco,10,,4,Cameron,2,Shaffer,Cameron Collet,,Hydril,-,-,"Bideford-1.jpg, Bideford-2.jpg, Bideford-3.jpg",semisubmersible,,3/7/2014 4:31:12,6/8/2012 7:37:29
26,Borgland Dolphin,Dolphin Drilling,Rig Management Norway,Aktiv,SS,Aker H-3 Enhanced,1977,1998/1999,DNV+1A1,"1,500","20,000",Active,2017/9,Norway,"8,800",5,100,355,221,60,,/3150,,2x1675,"3""",,5741,,,"8x13,6",35,63,,,,1300,MH Ram Rig/Aker,,,MH Ram Rig,,"49,5""",,MH DDM-650,MH Ram Rig/Aker,,,3,NOV 12-P-160,"1,509",,8750/8750,,,,800,8,MH,"21""",,,,15,,1,Shaffer,,,,,Hydril,-,-,"Borgland-1.png, Borgland-2.png, Borgland-3.png",semisubmersible,,3/7/2014 0:33:57,6/8/2012 7:37:29
27,Bredford Dolphin,Dolphin Drilling ,Consortium,Aktiv,SS,Aker H-3 Enhanced,1976,2007,DNV+1A1,"1,500","7,500",Active,2016/02,Norway,,1-2,97,355,221,,70,/3400,19x39,2x1702,"3""",K4,4000,,,8x12,35,35,,,,1000,Continental Emsco,185x40x40,2400,Gardner Denver,"1,5""","49,5""",,NOV TDS-4S,NOV,,,3,Gardner Denver PZ-11,"1,565",,8680/8680,3,,,800,8,Rucker Shaffer,"23""","21""",,Cameron,10,,1,Shaffer,,,Vetco H4,,Koomey,-,-,"Bredford-1.jpg, Bredford-2.jpg, Bredford-3.jpg",semisubmersible,,3/10/2014 11:48:53,6/8/2012 7:37:29
28,COSLPioneer,COSL Drilling Europe,Statoil,Aktiv,SS,Global Maritime GM 4000,2010,,DNV+1A1,"2,500","25,000",Active,2016/8,Norway,"41,094",10,120,343,213,30.2,58.2,3000/4000,23x72,6x4289,"3,5""",,,,,,80,80,,,,1300,NOV/Nymo,160x35x35,4600,NOV,,"60,5""",NOV MPT-200,NOV HSP 650-E-AC-SG,,,NOV hydraracker HR-III-XY,3,NOV HEX 240,"5,619","20,178",8476/8476,5,,,970,,NOV,,"21""",50,NOV,15,"3""",5,Shaffer,1,Shaffer,Vetco HD-H4,,,-,73x73,"COSLPioner-1.jpg, COSLPioner-2.JPG, COSLPioner-3.JPG",semisubmersible,,3/7/2014 0:27:40,1/24/2014 3:53:14
29,Deepsea Atlantic,Odfjell Drilling,Statoil,Aktiv,SS,Gotaverken Enhanced GVA 7500,2009,,DNV+1A1,"10,000","37,500",Active,2014/08,Norway,"59,000",6-7,158 (128 NCS),308.3,256,"32,6",75.5,7500/7500,,4x5460,"3,3""",R5,,,,,100,85,,,2x20,2000,NOV,,4600,NOV,"1,75""","60,5""/49,5""",NOV MPT,NOV HPS-1000-2E-AT-KT,,,,4,National 14-P220,"10,064","19,550",21900/9890,6,,24,3200,6,NOV,"60,5""","21""",,Shaffer,15,"3,06""",4,Cameron,1,Cameron,Drillquip DX-DW,MUX,Cameron,-,-,"DeepseaAtlantic-1.JPG, DeepseaAtlantic-2.jpg, DeepseaAtlantic-3.jpg",semisubmersible,,2/7/2014 2:59:41,6/8/2012 7:37:29
30,Deepsea Bergen,Odfjell Drilling,Statoil,Aktiv,SS,Aker H-3.2,1983,1988/1994/1999,DNV+1A1,"1,500","20,500",Active,2017/06,Norway,"13,800",6,100,303,220.5,,72,4100/4100,22x32,4x1970,"3""",K4,7218,,,8x15,"26,7",58,,,,1300,NorMar,,4800,NOV,"1,5","49,5""",MH 1898,NOV TDS-4S,MH,600,MH,3,National 12-P-160,"4,025","1,887",10595/10595,3,1,,640,4,Rucker Shaffer,"24""","21""",50,Regan,15,"3,06""",4,Shaffer,2,Shaffer,Vetco Super HD H4,,Koomey,-,-,"DeepseaBergen-1.jpg, DeepseaBergen-2.jpg, DeepseaBergen-3.jpg",semisubmersible,,2/7/2014 0:29:11,6/8/2012 7:37:29
31,Ocean Vanguard,Diamond Offshore,Statoil,Aktiv,SS,Trosvik bingo 3000,1982,2010,DNV,"1,500","25,000",Active,2015/03,UK,"9,400",8,102,350,258,28,77,2875/-,22x59,,"3,25""",K4,5500,,,8x13,50,50,,,,1250,MH,160x40x40,2500,NOV,"1,5""","49,5""",NOV AR3200,MH DDM-650,MH,595,,3,NOV A-1700-PT triplex,"2,422","2,100",9500/9500,4,,,640,8,NL Shaffer,"21""","21""",50,Vetco,15,"3,0625""",4,Hydril,2,Hydril & Cameron,Cameron Collet,,Cameron,Sikorsky S-61,83x83,"OceanVanguard-1.jpg, OceanVanguard-2.jpg, OceanVanguard-3.jpg",semisubmersible,,9/15/2015 3:56:26,1/24/2014 3:54:51
32,Polar Pioneer,Transocean,Statoil,Aktiv,SS,Sonat/Hiachi,1985,1994/1999,DNV+A1,"1,640","25,000",Active,2014/01,Norway,"19,450",,100,279,233,30,76,/4400,19x33,,"3,3""",K4,6500,,,8x15,35,35,,,,1300,MH,164x40x40,3000,Continental Emsco,"1,5""","49,5""",,MH DDM-650-HY,,,MH,3,Continental Emsco FB-1600,"6,180","11,290",3955/12678,5,1,2,800,8,HSMC/Wichmann,,"21""",,Hughes,15,,4,Hydril,1,Hydril,Hughes FMF,,Hydril,Chinook 234 LR,82x89,"PolarPioneer-1.jpg, PolarPioneer-2.jpg, PolarPioneer-3.jpeg",semisubmersible,,3/7/2014 5:17:21,6/8/2012 7:37:29
33,Songa Dee,Songa Offshore,Statoil,Aktiv,SS,Mitsubishi type MD-602,1984,2004,DNV+A1,"1,800","30,000",Active,2016/06,Norway,"14,280",6,118,368,223,22.3,65.6,3300/4300,"23,5x80",4x1700,"3""",K4,5577,,,8x15,75,30,30,,,1250,MH,160x46x46,3000,Continental Emsco,"1,5""","49,5""",,MH DDM 650,MH,600,MH,3,Continental Emsco FB-1600,"3,296","8,227",10700/10700,4,,,960,12,NL Shaffer,"24""","21""",50,Regan,15,,4,Cameron,2,Cameron,Cameron FC-8,Hydraulic,Cameron,Chinook 234 LR & Sikorsky S-61,-,"SongaDee-1.jpg, SongaDee-2.jpg, SongaDee-3.JPG",semisubmersible,,2/7/2014 0:23:35,6/8/2012 7:37:29
34,Songa Delta,Songa Offshore,Statoil,Aktiv,SS,ODECO Ocean Ranger Modified,1981,1996,DNV+1A1,"2,300","25,000",Active,2016/7,Norway,"16,888",5,100,400,262,28,80,2000/3700,20x65,,"3,25""",K4,1650,"3,5""",5600,12x15,65,50,,,,1250,Continental Emsco,160x40x40,3000,NOV,"1,5""","49,5""",MH-1898,MH DDM 650,MH,452,MH,3,NOV A1700-PT,"6,285","15,084",11000/11000,5,,,640,8,Rucker Shaffer,,"21""",50,Vetco,15,,6,Hydril & Cameron,3,Hydril & Cameron,Cameron,Hydraulic,Cameron,Sikorsky S-61 & S-92,-,"SongaDelta-1.jpg, SongaDelta-2.jpg, SongaDelta-3.jpg",semisubmersible,,2/7/2014 0:23:36,6/8/2012 7:37:29
35,Songa Trym,Songa Offshore,Statoil,Aktiv,SS,Aker H-3 Enhanced,1976,1996/2002/2005,DNV+A1,"1,312","25,000",Active,2015/12,Norway,"8,800",6,102,355,221,26.3,70,2800/2800,19x69,2x1700,"3""",K4,5577,,,"10x13,6",36.3,13.6,,,,1000,Alfred Anderson,160x40x40,3000,NOV,"1,5""","49,5""",,Hydralift GE 752,MH,600,Hydratang MPT 200,3,NOV 12-P-160,"2,264","16,944",9217/6700,4,,,640,8,Rucker Shaffer,"24""","21""",50,Cameron,10,"4""",4,Cameron,1,Hydril,Cameron Collet,Hydraulic,Koomey,,75x75,"SongaTrym-1.jpg, SongaTrym-2.jpg",semisubmersible,,2/7/2014 0:06:06,6/8/2012 7:37:29
36,Stena Don,Stena Drilling,Statoil,Aktiv,SS,Moss Maritime CS 30    ,2001,,DNV+1A1,"1,640","27,800",Active,2017/03,Norway,"42,242",7,120,313,220,37.7,70.5,3450/3850,23x71,6x4425,,,,,,,85,85,,,,1500,Hydralift Rig,,,,"2,75""","60,5""",Hydralift Hydraulic,Hydralift HPS 750 2E,,1500,Hydralift Hydraracker lll,3,Continental Emsco FC-2200,"6,480","17,611",8300/8300,4,,,1280,8,,"60,5""","21""",65,Cameron,15,"3,06""",3,Cameron,,,,MUX,Cameron,Sikorsky S-61 & Super Puma,75x75,"StenaDon-1.jpg, StenaDon-2.jpg, StenaDon-3.jpg",semisubmersible,,2/7/2014 0:18:13,6/8/2012 7:37:29
37,Transocean Barents,Transocean,Det Norske Oljeselskap,Aktiv,SS,Aker H-6e,2009,,DNV+1A1,"10,000","35,000",Active,2014/07,Norway,"56,500",6-7,140(exp 160),394,253,31.8,75,7000/7000,33x69,8x6000,"3,3""",R4,6600,,,8x15,65,65,,,,2000,MH Ram Rig/Aker,170x33x33,,MH Ram Rig/Aker,,"60,5""",MH 1899,MH DDM-650,MH,750/1500,MH,4,Wirth TPK 7 Triplex 2200HP,"10,693",,13773/ 13773,4,,,3200,6,Aker MH,"60,5""","21""",75,Aker,15,"3,5""",5,Cameron,2,Cameron,Cameron C-pro,MUX,Cameron,"Sikorsky S-61, S-92, EH-101 & Super Puma",-,"TransoceanBarents-1.jpg, TransoceanBarents-2.jpg, TransoceanBarents-3.jpg",semisubmersible,,2/7/2014 0:08:07,6/8/2012 7:37:29
38,Transocean Leader,Transocean,Statoil,Aktiv,SS,Aker H-4.2 self-propelled,1987,1997,DNV+1A1,"4,500","25,000",Active,2015/03,UK,"17,760",,100,253,220,25,77,/4600,23x33,4x3500,"3,3""",K4,6560,"3,625""",11000,8x15,40,40,,,,1900,Dreco,164x40x40,3000,Continental Emsco,"1,625""","49,5""",,NOV TDS-4H,NL Shaffer,660/1650,MH,3,Continental Emsco FB-1600,"13,730","15,102",8228/8228,5,1,1,1440,6,Shaffer,"18,75""","21""",50,Cameron,15,"3,0625""",4,Cameron,1,Hydril,Vetco H4HD,MUX,Cameron,Chinook 234LR,88x88,"TransoceanLeader-1.jpg, TransoceanLeader-2.jpg, TransoceanLeader-3.jpg",semisubmersible,,2/7/2014 5:40:35,6/8/2012 7:37:29
39,Transocean Spitsbergen,Transocean,Statoil,Aktiv,SS,Aker H-6e,2009,,DNV+1A1,"10,000","35,000",Active,2015/07,Norway,"56,500",6-7,140(exp 160),394,253,31.8,75,7000/7000,33x69,8x6000,"3,3""",R4,6600,,,8x15,65,65,,,,2000,MH Ram Rig/Aker,170x33x33,,MH Ram Rig/Aker,,"60,5""",MH 1899,MH DDM-650,MH,750/1500,MH,4,Wirth TPK 7 Triplex 2200HP,"10,693",,13773/ 13773,4,,,3200,6,Aker MH,"60,5""","21""",75,Aker,15,"3,5""",5,Cameron,2,Cameron,Cameron C-pro,MUX,Cameron,"Sikorsky S-61, S-92, EH-101 & Super Puma",-,"TransoceanSpitsbergen-1.jpg, TransoceanSpitsbergen-2.jpg, TransoceanSpitsbergen-3.jpg",semisubmersible,,2/7/2014 0:08:08,6/8/2012 7:37:29
40,Transocean Winner,Transocean,Marathon,Aktiv,SS,Gotaverken Enhanced GVA 4000,1983,,DNV+1A1,"1,500","25,000",Active,2015/01,Norway,"12,240",,100,226,246,36,67,2400/3900,59x98,2x3200,"3""",K4,5600,,,8x18,50,50,,,,1280,UIE,157x40x40,3000,NOV,"1,5""","49,5""",MH,NOV TDS-4H,NL Shaffer,600,BJ Semi automatic 2 arm,3,National 12-P-160,"2,144","16,120",11800/7415,4,1,2,640,4,Shaffer,"12""","21""",50,Vetco,15,"2,625""",4,Hydril,2,Hydril,Vetco H4,Hydraulic,Koomey,Super Puma & S-61,79x79,"TransoceanWinner-1.jpg, TransoceanWinner-2.jpg, TransoceanWinner-3.jpg",semisubmersible,,1/31/2014 5:16:39,6/8/2012 7:37:29
41,West Alpha,Seadrill,BG/Consortium/ExxonMobil,Aktiv,SS,Ultra Yatzy,1986,2009,DNV,"2,000","23,000",Active,2016/07,Norway,"16,200",5,110,292,217,,71,/4626,15x30,,3,,6560,,,8X15,70,70,,,2x10,1300,MH,,3000,Wirth GH,,"49,5""",MH 1898,MH DDM 650,MH,,,3,Wirth TPK-1600 HP,"6,920",,11900/11900,6,,,960,12,MH,,"21""",,Vetco,15,"3,125""",4,Cameron,1,Cameron,Cameron HC,Hydraulic,Cameron,-,-,"WestAlpha-1.jpg, WestAlpha-2.jpg, WestAlpha-3.jpg",semisubmersible,,2/7/2014 0:25:01,6/8/2012 7:37:29
42,West Venture,Seadrill,Statoil,Aktiv,SS,Moss Maritime CS 45,2000,,DNV+1A1,"5,900","29,500",Active,2015/07,Norway,"43,000",10,114,383,226,32,77,5700/5500,23x56,8x4350,"3""",NV R4,,,,,60,60,,,6,1300,MH,,3000,MH Ram Rig/Aker,,"60,5""",MH 1899,MH DDM 650,MH,1300/1300,MH,4,NOV 14-P-220,"15,441","19,550","32,500",8,,2,960,8,MH,"60,5""","21""",75,Shaffer,15,"3""",5,Hydril,2,Hydril,DrilQuip DX,MUX,Hydril,Sikorsky S-92,-,"WestVeniture-1.jpg, WestVeniture-2.jpg, WestVeniture-3.jpg",semisubmersible,,2/7/2014 0:24:03,6/8/2012 7:37:29
43,Scarabeo 5,Saipem,Statoil,Aktiv,SS,Maritime Engineering ME-4500-DP,1990,,DNV+1A1,"6,561","29,500",Active,2017/09,Norway,"51,500",5,106,364,226,29.5,77,3400/3800,23x95,8x3150,"3""",K4,7054,,,8x15,"53,6","53,6",15,,,1300,Dreco,170x40x40,3000,Continental Emsco,"1,75""","49.5""",,NOV TDS-4,MH,600/1650,PH-85 pipe handler,3,Continental Emsco FB-1600,"3,082","20,127",14126/14126,5,,,1760,8,NL Shaffer,"49,5""","21""",63,Cameron,15,"3""",6,Cameron,2,Cameron,Vetco H4-HD,MUX,Cameron,-,-,"Scarabeo5-1.jpg, Scarabeo5-2.jpg, Scarabeo5-3.jpg",semisubmersible,,2/7/2014 0:26:24,6/8/2012 7:37:29
44,Transocean Arctic,Transocean,Rig Management Norway,Aktiv,SS,Marotec AS Marosso 56 design,1986,,DNV+1A1,"1,640","25,000",Active,2014/07,Norway,"11,760",,100,220,220,39,82,/4400,23x23,,"3,3""",K4 ,6560,,,8x15,50,30,,,,1300,MH,167x40x40,3000,Continental Emsco,"1,5""","49,5""",,MH DDM-650-HY,,,MH,3,Continental Emsco FB-1600,"1,100","16,620",13243/7945,4,-,-,640,4,MH,"19""","21""",,Cameron,15,"3""",4,Cameron,2,Cameron,Vetco H4,,Cameron,Sikorsky S-61,83x83,"TransoceanArctic-1.jpg, TransoceanArctic-2.jpg, TransoceanArctic-3.jpg",semisubmersible,,1/31/2014 5:22:27,6/8/2012 7:37:29
45,Transocean Searcher,Transocean,BG,Aktiv,SS,Trosvik Bingo 3000 self-propelled,1983,1988,DNV+1A1,"1,500","25,000",Active,2015/06,Norway,"12,900",,100,246,206,30,79,/3050,22x78,4x,"3""",K4,6500,,,8x12,50,50,,,,1300,MH,160x40x40,3000,NOV,"1,5""","49,5""",MH,MH DDM-650-HY,MH,570/1300,MH,3,2xNOV A-1700PT & 1xCE FB-1600,"2,095","5,850",9535/9535,4,-,-,640,4,MH,"49,5""","21""",50,Regan,15,"3""",4,Cameron,1,Cameron,Cameron HC,Hydraulic,Cameron,Sikorsky S-61,79x79,"TransoceanSearcher-1.jpg, TransoceanSearcher-2.jpg, TransoceanSearcher-3.jpg",semisubmersible,,1/31/2014 5:18:15,6/8/2012 7:37:29
46,Paragon HZ1,Paragon Offshore,Wintershall,Aktiv,JU,NAM Nedllyod-C,1981,,ABS,250,"35,000",Active,2013/12,Germany,"7,500",,102,197,223,15.8,15,"2,829",,,,,,,,,40,40,25,,,1000,Continental Emsco,167x30x30,3000,Continental Emsco,,"37,5""",NOV AR3200,NOV PS-2,,,,3,Continental Emsco FB-1600,"3,575","3,165",11936,6,1,,,,,"36""",,,,10,,3,Cameron,1,Hydril,,,Koomey,-,-,"NobleGeorgeSauvageau-1.jpg, NobleGeorgeSauvageau-2.jpg, NobleGeorgeSauvageau-3.jpg",semisubmersible,,2/20/2015 4:06:17,6/8/2012 7:37:29
47,Stena Carron,Stena Drilling,Chevron,Aktiv,DS,Samsung,2008,,DNV+1A1,"10,000","30,000",Active,2013/10,Africa,"59,508",12,180,748,137.8,"27,9",39.4,20000/20000,41x84,6x7372,,,,,,,85,85,85,,,2000,Hydralift Rig,,,,,"60,5""/49,5""",NOV  MPT200,HPS 1000-2E-AC-KT,,800,Knuckleboom KMCVCT 1891-8.25,4,NOV FC-2200,"15,096","72,333",14832/14832,5,,2,2500,6,,,"21""",80,Cameron,15,"4,5""",5,Cameron,2,Hydril & Cameron,Vetco H4-SHD,,,Sikorsky S-61 & EH-101,-,"StenaCarron-1.jpg, StenaCarron-2.jpg, StenaCarron-3.jpg",semisubmersible,,3/7/2014 5:06:06,6/8/2012 7:37:29
48,Energy Enhancer,Northern Offshore,Ithaicha/Perenco,Aktiv,JU,CFEM T-2500-C,1982,,DNV+1A1,300,"25,000",Active,2013/07,Denmark,8500,5,104,245,283,32.8,,2500/2995,,,,,,"1,26""",2297,"2x7,55",47.6,47.6,,,,1400,Joseph Paris,160x36x36,3000,NOV,,"37,5""",MH,NOV TDS-4HQ,,,,3,NOV 12-P-160,"1,906","2,382",5480/5480,4,,,,,,,,,,10,"3""",3,Cameron,1,Cameron,,Hydraulic,NL Shaffer,"Sikorsky S-61, S-92 & EC-225",83x83,"EnergyEnhancer-1.jpg, EnergyEnhancer-2.jpg",semisubmersible,,2/7/2014 0:07:24,6/8/2012 7:37:29
49,Ensco 100,ENSCO,EON,Aktiv,JU,"MLT 150-88-C ""Gorilla"" Class",1987,2000/2009,ABS+A1,328,"30,000",Active,2014/10,UK,"8,400",4.5,106,297,292,19,,"5,157",,,,,,"1,5""",2500,None,75,75,75,50,,1500,Lee C Moore,160x30x30,3000,NOV,"1,75""","49,5""",NOV AR3200,NOV TDS-4S,,,PH-85 pipe handler,3,NOV 12-P-160,"2,400","4,725",8500/8500,5,1,16,,,,"49""",,,,15,"3,0625""",9,Shaffer & Cameron,3,Shaffer & Hydril,,,,Sikorsky S-61,-,,jackup,,2/7/2014 0:34:07,1/24/2014 3:41:49
50,Ensco 101,ENSCO,Maersk Olie og Gas,Aktiv,JU,KFELS MOD V-A,2000,2010,ABS,400,"30,000",Active,2014/12,UK,"11,130",4.5,120,228,222,19,,"6,429",,,,,,"2""",2060,"4x6,8",50,50,50,,,1500,Dreco,170x40x40,3000,NOV,"1,75""","49,5""",NOV AR3200,NOV TDS-4H,,,NOV PRS4i,3,NOV 14-P-220,"4,808","3,100",9200/8400,3,none,none,,,,"49""",,,,15,"3,0625""",4,Shaffer,1,Shaffer,,,Shaffer Koomey,Sikorsky S-61,74x74,Ensco101-1.jpg,jackup,,2/7/2014 0:06:40,1/24/2014 3:44:28
51,Ensco 102,ENSCO,ConocoPhillips,Aktiv,JU,KFELS MOD V-A,2002,,ABS+A1,400,"30,000",Active,2016/06,UK,"11,130",4,122,246,222,17.5,,"6,378",,,,,,"2""",2060,"2x6,8",50,50,50,,,1500,Dreco,170x40x40,3000,NOV,"1,75""","49,5""",NOV AR3200,NOV TDS-4H,,,NOV PRS4i,3,NOV 14-P-220,"4,796","5,039",9560/8080,4,1,20,,,,"49,5""",,,,15,"3,0625""",4,Shaffer,1,Shaffer,,,Shaffer Koomey,Sikorsky S-61,83x83,"Ensco102-1.jpg, Ensco102-2.jpg",jackup,,2/7/2014 0:06:46,1/24/2014 3:51:01
52,Ensco 72,ENSCO,Maersk ,Aktiv,JU,Hiatchi K1025N,1981,1996/2002/2011,ABS,225,"25,000",Active,2013/08,Denmark,"6,405",4.5,90,230,250,15.25,,"4,895",,,,,,"1,73""",2132,"4x4,5",60,29,,,,1500,Dreco,160x30x30,2000,NOV,,"37,5""",NOV AR3200,NOV TDS-4H,,,DDM 500,3,NOV 12-P-160,"4,267","3,067",5000/5000,4,,,,,,"36""",,,,10,"3,0625""",5,Cameron,2,Hydril,,,Shaffer,Sikorsky S-61. (S-92 & EC-225 in DM),-,Ensco72-1.jpg,jackup,,2/7/2014 1:19:47,1/24/2014 3:31:41
53,Ensco 80,ENSCO,Perenco,Aktiv,JU,MLT Class-116-CE,1978,1995/2011,ABS+A1,225,"30,000",Active,2017/01,UK,"6,875",4.5,94,243,200,16,,"3,983",,,,,,"1,5""",2500,"1x4,5","40,75",32,32,,,1250,Dreco,160x30x30,3000,NOV,,"37,5""",NOV AR3200-C,NOV TDS-4H,,,PH-85 pipe handler,3,NOV 12-P-160,"1,865","5,593",5250/3696,4,,,400,4,RCOT,"36""",,,,10,"3,0625""",5,Cameron,2,Hydril,,,Shaffer Koomey,Sikorsky S-61,-,"Ensco80-1.jpg, Ensco80-2.jpg",jackup,,2/7/2014 0:34:09,1/24/2014 3:38:37
54,Ensco 92,ENSCO,RWE Dea,Aktiv,JU,MLT Class-116-CE,1982,2003,ABS,210,"25,000",Active,2014/06,Holland,"6,650",4.5,90,243,200,16,,"2,100",,,,,,"1,5""",2300,"1x4,5",50,50,50,,,1000,Dreco,170x40x40,2000,NOV,,"37,5""",NOV AR3200,NOV TDS-4H,,,PH-85 pipe handler,3,NOV 12-P-160,"1,834","7,160",5050/4200,4,none,none,400,4,,"36""",,,,10,"3,0625""",5,Cameron,2,Hydril,,,Shaffer,Sikorsky S-61,-,Ensco92-1.jpg,jackup,,3/7/2014 4:50:59,1/24/2014 3:38:29
55,GSF Galaxy II,Transocean,GDF Suez,Aktiv,JU,Friede & Goldman L-780 Mod VI,1998,,ABS,400,"30,000",Active,2014/12,UK,"11,400",,120,244,250,23,,6600/,30x55,,,,,,,7.5,47,47,47,,,1600,Dreco,170x40X40,3000,NOV,"1,75""","49,5""",NOV AR3200,NOV TDS-4HS,,,NOV PR 3I,3,NOV 14-P-220,"4,730",,"18,200",5,,,600,,,"49,5""",,,,15,"3,06""",4,Hydril,1,Hydril,,Hydraulic,Shaffer,-,-,GalaxyII-1.JPG,semisubmersible,,2/7/2014 0:14:47,6/8/2012 7:37:29
56,GSF Galaxy III,Transocean,Nexen,Aktiv,JU,KFELS Mod. VI Universe Class,1999,,ABS,400,"30,000",Active,2014/04,UK,"11,400",,120,244,250,23,,6000/,30x60,,,,,,,7.5,36,36,36,27,,1600,Dreco,170x40x40,3000,NOV,"1,75""","49,5""",NOV AR3200-C,NOV TDS-4S,,,NOV PR 3I,3,NOV 14-P-220,"5,060",,"18,200",8,1,2,960,,,"49,5""",,,,15,"3,06""",4,Shaffer,1,Shaffer,,Hydraulic,Shaffer,-,-,"GalaxyIII-1.JPG, GalaxyIII-2.jpg",semisubmersible,,2/7/2014 0:14:09,6/8/2012 7:37:29
57,Maersk Resilient,Maersk Drilling,CoconoPhillips,Aktiv,JU,MSC CJ50-X100 MC,2008,,ABS,350,"30,000",Active,2014/11,UK,"10,700",,120,229,223,31,,/4500,,,,,,,,,80,80,,,,1500,MH,210x45x45,4500,Wirth GH,"1,75""","49,5""",MH Torque Master,MH DDM-750-AC,,,,3,Wirth TPK 2200,"6,290",3400,10550/7050,4,,,880,4,,"49,5""",,,,15,"3,06""",4,Hydril,1,Hydril,,Hydraulic,Hydril,Sikorsky S-61N & EH-101,74x74,"MaerskResilient-1.jpg, MaerskResilient-2.jpg, MaerskResilient-3.jpg",semisubmersible,,2/7/2014 3:08:29,6/8/2012 7:37:29
58,Noble Hans Deul,Noble Drilling,Shell,Aktiv,JU,Friede & Goldman JU2000E,2009,,ABS,400,"30,000",Active,2014/08,UK,"10,750",6,120,328,255,21,22,"9,072",,,,,,,,7.5,45.4,45.4,45.4,,,1500,NOV,170x40x40,4600,NOV,"1,75""","49,5""",NOV MPT,NOV HPS-750-E-AC-1S-KT,,,,3,NOV 14-P-220,"4,730","4,150",11020,5,2,,,,,"49,5""",,,,15,,4,Cameron,2,Shaffer,,,Vetco Gray,-,-,NobleHansDeul-1.jpg,semisubmersible,,2/7/2014 0:33:55,6/8/2012 7:37:29
59,Paragon B391,Paragon Offshore,Centrica,Aktiv,JU,Baker Marine Europe Class MOD,1981,2001,ABS+A1,290,"20,000",Active,2014/04,UK,"6,250",5,102,239,212,30,16,"3,850",,,,,,,,5,50,"21,9",,,,1950,Pyramid,160x30x30,3000,NOV,"1,63""","49,5""",NOV AE3200,NOV TDS-4S,,,,3,NOV 12-P-160,"2,347","3,502",12400,4,1,,,,,"37,5""",,,,10,,4,Cameron,2,Hydril&Shaffer,,,Ross Hill,-,-,"NobleJRobertson-1.jpg, NobleJRobertson-2.jpg",jackup,,2/20/2015 4:03:22,6/8/2012 7:37:29
60,Rowan Gorilla V,Rowan Drilling,Total,Aktiv,JU,MLT Super Gorilla 219-C,1998,,ABS,400,"35,000",Active,2013/07,UK,,,120,306,300,,,6245/,,,,,,,,,68,68,68,68,32,2000,Woolslayer,170x40x40,4000,NOV,"1,75""","49,5""",NOV AR3200,LeTourneau LDDTD-750,,,,4,NOV 14-P-220,"5,300","8,882",11000/ 11000,9,2,2,,,,"49,5""",,,,15,"3,0625""",2,Cameron,1,Hydril,,,Cameron,"Chinook 234 LR, Sikorsky S-61 & EH-101",-,"RowanGorillaV-1.jpg, RowanGorillaV-2.jpg, RowanGorillaV-3.jpg",jackup,,2/7/2014 0:28:45,6/8/2012 7:37:29
61,Rowan Gorilla VI,Rowan Drilling,BG/ConocoPhillips/Total,Aktiv,JU,MLT Super Gorilla 219-C,2000,,DNV+1A1,450,"35,000",Active,2017/07,Norway,,,120,306,300,,,"8,125",,,,,,,,,75,50,,,,2500,Woolslayer,170x40x40,4000,NOV,"1,75""","49,5""",NOV AR3200,NOV PS2 650/750,,,,4, Continental Emsco FC-2200 Triplex,"5,378","7,227",11000/ 11000,4,1,2,,,,"49,5""",,,,15,"3,0625""",2,Cameron,1,Hydril,,,Cameron,"Chinook 234 LR, Sikorsky S-61 & EH-101",-,"RowanGorillaVI-1.jpg, RowanGorillaVI-2.JPG, RowanGorillaVI-3.jpg",jackup,,4/15/2015 3:48:47,6/8/2012 7:37:29
62,Rowan Gorilla VII ,Rowan Drilling,Apache,Aktiv,JU,MLT Super Gorilla 219-C,2001,,ABS,450,"35,000",Active,2015/03,UK,17000,,120,306,300,,,"5,488",,,,,,,,,68,68,68,68,32,2500,Woolslayer,170x40x40,4000,NOV,"1,75""","49,5""",NOV AR3200,NOV PS2 650/750,,,,4,Continental Emsco FC-2200,"5,294","7,315",11000/ 11000,8,1,1,,,,,,,,15,"3,0625""",2,Cameron,1,Cameron,,,Cameron,"Chinook 234 LR, Sikorsky S-61 & EH-101",-,"RowanGorillaVII-1.jpg, RowanGorillaVII-2.jpg, RowanGorillaVII-3.jpg",jackup,,2/7/2014 0:28:11,6/8/2012 7:37:29
63,Rowan Norway,Rowan Drilling,CoconoPhillips,Aktiv,JU,KFELS Class N,2011,,DNV,400,"35,000",Active,2016/07,Norway,12870,,120,264,289,,,3800/4400,,,,,,,,,"78,5","78,5","78,5",,,2200,TTS Sense,180x40x40,4600,TTS/UltraHoist ,"2""","49,5""",Wellquip JiM20 ,NOV HPS-1000-2E-AT-KT,,,NOV KMCVCT 1891-9-25,3,NOV 14-P-120,"7,220","5,535",8825/7060,5,,,,,,"18,75""",,,,15,"3,0625""",4,Shaffer,1,Shaffer,,Hydraulic,Shaffer,Sikorsky S-61 & S-92,-,"RowanNorway-1.jpg, RowanNorway-2.jpg",jackup,,2/7/2014 0:27:19,6/8/2012 7:37:29
64,Rowan Viking,Rowan Drilling,Total/Lundin,Aktiv,JU,KFELS Class N,2010,,DNV,400,"35,000",Active,2016/11,Norway,"13,050",,120,264,289,,,"3,175",,,,,,,,,31,31,31,,,2200,NOV,180X40X40,4600,NOV,"2""","49,5""",TTS Sense JiM 20,NOV HPS 1000-2E-AC-KT,,,,3,NOV 14-P-220,"7,220","5,535",8825/7060,5,,,,,,"18,75""",,,,15,"3,0625""",2,Shaffer,1,Shaffer,,,,Sikorsky S-61 & S-92,-,"RowanViking-1.jpg, RowanViking-2.jpg, RowanViking-3.jpg",jackup,,4/15/2015 3:53:25,6/8/2012 7:37:29
65,Borgsten Dolphin,Dolphin Drilling,Total,Aktiv,SS,Aker H-3 Enhanced,1975,1985,DNV+1A1,"1,000","20,000",Active,2016/05,UK,"8,800",4.5,100,355,221,,,3200/,,,"3""",K3/K4,4500,,,"8x13,6 & 4x10",40,50,,,,1250,MH,160x40x40,2400,NOV,,"49,5""",,NOV PS2 500,Rucker Shaffer,500/1000,,3,NOV 12-P-160,"1,700",,31931/14901,,,,480,6,Rucker Shaffer,"23""",,,,10,,1,Cameron,,,,,Koomey,-,-,"Borgsten-1.png, Borgsten-2.png, Borgsten-3.png",semisubmersible,,3/6/2014 2:34:50,6/8/2012 7:37:29
66,Byford Dolphin,Dolphin Drilling,BP,Aktiv,SS,Aker H-3 Enhanced,1974,,DNV+1A1,"1,500","20,000",Active,2016/04,UK,,4.5,102,355,221,,,3021/,,,"3""",K4,4400,,,12x15,49,49,,,,1200,Continental Emsco,168x40x40,2400,NOV,,"49,5""",,NOV TDS-4S,Shaffer,600,,3,NOV 12-P-160,"3,981",,19300/9500,,,,640,8,Rucker Shaffer,"23""",,,,15,"3,0625""",1,Hydril,,,,,Shaffer,-,-,"Byford-1.jpg, Byford-2.jpg, Byford-3.jpg",semisubmersible,,3/7/2014 0:36:23,6/8/2012 7:37:29
67,Paragon MSS1,Paragon Offshore,Centrica/Maersk/Nexen,Aktiv,SS,Offshore Company SCP III Mark 2 ,1979,1986/1991/2000,ABS,"1,500","25,000",Active,2015/06,UK,"10,200",,125,379,265,31,75,"3,000",24x24,,,,,,,,120,120,,,,1000,Pyramid,185x50x40,3000,NOV,,"49,5""",NOV AR3200,MH DDM 650HY,NOV Shaffer,600,BJ 3-arm vertical,3,Continental Emsco FB-1600,"3,676","3,214",10500,5,,,960,6,Houston System,"49,5""",,,,10,"3,5""",4,Cameron,2,Shaffer,CIW & Vetco,,Koomey,-,-,"NobleTonvanLangeveld-1.jpg, NobleTonvanLangeveld-2.jpg, NobleTonvanLangeveld-3.jpg",semisubmersible,,2/20/2015 4:06:14,6/8/2012 7:37:29
68,Ocean Nomad,Diamond Offshore,Dana Petroleum,Aktiv,SS,Aker H-3.2 Enhanced,1975,,ABS+A1,"1,200","25,000",Active,2015/08,UK,"9,500",6,108,227,221,22,70,3305/-,22x59,,"3""",R4,4500,,,8x12,54,62,,,,1400,Continental Emsco,180x40x40,5100,NOV,"1,5""","49,5""",NOV AR3200,NOV TDS-4S,Rucker Shaffer,600,PH-85 pipe handler,3,NOV 12-P-160,"2,322","11,820","17,600",4,,,480,6,Rucker Shaffer,"21""","21""",50,Vetco,10,"2,0625""",2,Hydril,2,Shaffer,,,,Westland EH-101,75x75,"OceanNomad-1.jpg, OceanNomad-2.jpg",semisubmersible,,3/7/2014 0:28:06,1/24/2014 3:54:28
69,Ocean Princess,Diamond Offshore,EnQuest,Aktiv,SS,Aker H-3 Enhanced,1975,1985,ABS+A1,"1,500","25,000",Active,2014/5,UK,"9,800",7.8,104,229,199,21,70,3590/-,"17,5x52",,"3""",K4,4500,,,8x12,110,55,,,,1210,MH,163X40X40,3000,Continental Emsco,"1,5""","49,5""",NOV AR3200,NOV TDS-4S,MH,540,MH,3,Continental Emsco FB-1600,"4,523","8,566","21,895",4,,,480,6,,"24""","21""",50,Shaffer,15,"3,0625""",2,Cameron,2,Shaffer,,,,Sikorsky S-61,83x83,"OceanPrincess-1.jpg, OceanPrincess-2.jpg",semisubmersible,,3/6/2014 2:31:09,1/24/2014 3:54:41
70,Paul B. Loyd Jr,Transocean,BP,Aktiv,SS,Aker H-4.2 DP,1990,,DNV+1A1,"2,000","25,000",Active,2015/03,UK,"38,400",,112,361,240,25,77,4200/,,,"3""",K4,6600,,,8X15,35,75,,,,1500,Dreco,196x40x40,2400,NOV,,"49,5""",NOV AR3200,NOV TDS-4HS,,,BJ Mark II,3,NOV 12-P-160,"3,180","17,743",12000/8000,4,1,1,,,,"49,5""",,,,15,3.0625,2,Cameron,3,Cameron,,,Cameron,Chinook 234LR & Sikorsky S-61,89x89,"PaulBLoyd-1.jpg, PaulBLoyd-2.jpg",semisubmersible,,2/7/2014 5:38:01,6/8/2012 7:37:29
71,Sedco 711 ,Transocean,Talisman,Aktiv,SS,Earl & Wright Sedco 711 series,1982,,ABS+A1,"1,800","25,000",Active,2015/11,UK,"9,700",,100,295,249,19,83,3537/,N/A,4x1600,"3""",,5100,,,8x15,62,62,,,,1300,Dreco,185x40x40,2500,NOV,,"49,5""",,NOV TDS-5,Vetco,600,,3,Continental Emsco FB-1600,"1,962","7,442",9167/9167,4,-,-,800,,,,"21""",50,,15,"3""",4,Shaffer,2,Shaffer,Vetco HD H4,,Shaffer,Sikorsky S-61,-,"Sedco711-1.jpg, Sedco711-2.jpg, Sedco711-3.jpg",semisubmersible,,2/7/2014 0:08:05,6/8/2012 7:37:29
72,Sedco 714,Transocean,Total,Aktiv,SS,Earl & Wright Sedco 711 series,1983,1997,ABS+A1,"1,600","25,000",Active,2015/10,UK,"9,700",,98,295,249,21,85,3447/,N/A,2x3000,"3""",,5000,,,8x12,62,62,,,,1300,Dreco,185x40x40,2500,NOV,,"49,5""",,NOV TDS-5,,,,3,NOV 14-P-220,"2,100","7,442",9360/9360,3,-,-,800,,,,"21""",,,15,"3""",4,Hydril,2,Hydril,Vetco H4,Hydraulic,Koomey,Chinook 234LR,-,"Sedco714-1.jpg, Sedco714-2.jpg, Sedco714-3.jpg",semisubmersible,,2/7/2014 5:38:09,6/8/2012 7:37:29
73,Stena Spey,Stena Drilling,Enquest,Aktiv,SS,Friede & Goldman L-907 Enhanced,1983,,DNV+1A1,"5,000","25,000",Active,2014/12,UK,11000,,102,260,203,30,65,3850/3450,,2x2200,"3""",K4,5000,,,8x12,40,40,40,,,1400,Pyramid,180x40x40,3000,NOV,,"49,5""",MH 1898,MH 650,Brown Brothers,600,MH,3,NOV 12-P-160,"2,151","10,253",17728,,,,800,10,Brown Brothers,"16""/10""",,50,,15,,2,Hydril,2,Hydril,,,,-,-,"StenaSpey-1.jpg, StenaSpey-2.jpg",semisubmersible,,2/7/2014 0:18:17,6/8/2012 7:37:29
74,Transocean John Shaw,Transocean,TAQA/EOG,Aktiv,SS,Modified & Enhanced Pacetter,1982,,DNV+1A1,"1,800","25,000",Active,2015/02,UK,"8,800",,116,281,212,24,70,3200/,22x74,,"3""",NVK4,6000,,,4x15/4x12,49,49,34,,,1400,Continental Emsco,185x40x40,3000,Continental Emsco,"1,5""","49,5""",,NOV TDS-3,MH,600/1000,BJ Hughes,3,Continental Emsco FB-1600,"2,565","10,473",8400/8400,4,1,1,800,8,Houston Systems,"24""","21""",50,Regan,10,"3""",4,Hydril,1,Shaffer,Vetco HL E,,NL Shaffer,Chinook 234LR,89x74,"TransoceanJohnShaw-1.jpg, TransoceanJohnShaw-2.jpg",semisubmersible,,2/7/2014 5:40:34,6/8/2012 7:37:29
75,Transocean Prospect,Transocean,Nexen/ConocoPhillips,Aktiv,SS,Modified Bingo 3000,1983,1992,DNV+1A1,"1,500","25,000",Active,2015/02,UK,"11,732",,100,228,191,40,84,"3,747",N/A,4x1566,"3,1""",K4,4950,,,8x12,40,44,,,,1300,Dreco,195x40x40,3000,NOV,"1,5""","49,5""",MH-1898,NOV TDS-4S,MH,600/1300,MH,3,NOV 12-P-160,"2,665","11,670",6360/9540,3,1,1,480,,,"20""","21""",60,Cameron,15,"3""",4,Hydril,1,Hydril,Vetco H4,,Koomey,S-61 Super Puma,87x89,"TransoceanProspect-1.jpg, TransoceanProspect-2.jpg, TransoceanProspect-3.jpg",semisubmersible,,1/31/2014 5:18:52,6/8/2012 7:37:29
76,West Phoenix,Seadrill,Total,Aktiv,SS,Moss Maritime CS50 MkII-DP,2008,,DNV,"7,900","30,000",Active,2015/01,UK,"50,500",8,128,273,235,32.3,77.1,6000/5600,,8x4485,"3""",NV R4,7800,,,8x15,80,80,,,30,2000,MH,,,MH Ram Rig/Aker,,"60,5""/49,5""",MH 1899,MH,MH,1500/750,MH,4,Wirth TPK - 2200,"13,200","20,380",14832/14832,5,1,1,3200,6,MH,"60,5""","21""",75,Cameron,15,"4,5""",5,Cameron,2,,Cameron,MUX,Cameron,Sikorsky S-92,-,"WestPhoenix-1.jpg, WestPhoenix-2.jpg, WestPhoenix-3.jpg",semisubmersible,,2/7/2014 3:59:49,6/8/2012 7:37:29
77,WilHunter,Awilco Drilling PLC,Hess,Aktiv,SS,Friede & Goldman L-907 Enhanced,1983,1999,DNV+1A1,"1,500","25,000",Active,2015/11,UK,"13,280",5,110,281,207,24.5,65,"4,081",23x72,,"3""",K4,6500,,,8x12,43.5,43.5,43.5,45.89,,1400,IDS,175x40x40,3000,NOV,,"49,5""",MH,MH DDM-650,Brown Brothers,600/1500,BJ V-34-238FB,3,2xNOV 12P-160 & 1xCE FB1600,"2,235","8,600",11400/11400,3,,1,880,8,Brown Brothers,"24""","21""",,Cameron,15,"1,75""",2,Cameron,2,Cameron,,Hydraulic,Cameron,-,72x88,"WilHunter-1.jpg, WilHunter-2.jpg, WilHunter-3.jpg",semisubmersible,,3/7/2014 0:05:31,6/8/2012 7:37:29
78,WilPhoenix,Awilco Drilling PLC,Premier/yard/ Taqa/Apahe,Aktiv,SS,Friede & Goldman L-907 Enhanced,1982,2010,DNV+1A1,"1,200","25,000",Active,2017/5,UK,"10,608",,110,308,200,25,64,"4,167",20x75,,"3""",K4,4250,,,8x12,29.5,29.5,49,,,1250,Dreco,195x40x40,3000,National,,"49,5""",,MH DDM-650-HY-359,MH,540,,3,2xIdeco T1600 & 1xNOV 12P-160,"1,743","8,013",3778/5777,4,,,640,8,NL Shaffer,"23""","21""",,Regan,15,"2,56""",2,Shaffer,2,Shaffer,,,,Sikorsky S-61,85x87,"WilPhoenix-1.jpg, WilPhoenix-2.jpg, WilPhoenix-3.jpg",semisubmersible,,3/7/2014 0:17:25,6/8/2012 7:37:29
79,GSF Arctic III,Transocean,Nexen,Aktiv,SS,Friede & Goldman L-907,1984,,DNV,"1,800","25,000",Active,2014/07,UK,"10,460",,109,236,208,39,68,3560/,,,"3""",K4,5100,,,8x12,80,70,47,,,1400,Dreco,195x40x40,3000,NOV,,"49,5""",,NOV TDS-4H,NL Shaffer,600/1500,PH-85 pipe handler,3,NOV A-1700-PT,"2,212",,15525,4,,,640,8,NL Shaffer,"24""","21""",50,Cameron,15,,4,Cameron,2,Cameron,,,,-,-,GSFArcticIII-1.JPG,semisubmersible,,2/7/2014 4:12:23,6/8/2012 7:37:29
80,Sedco 704,Transocean,Chevron/Maersk,Aktiv,SS,Earl & Wright Sedco 700 series,1974,,ABS+A1+DNV,"1,000","25,000",Active,2015/05,UK,"15,800",,108,300,263,26,84,2430/,16x21,4X1600,"3""",,4300,,,8x12,"44,4","44,4",,,,1300,Lee C. Moore,185x40x50,3000,NOV,,"49.5""",NOV AR3200,NOV TDS-4H,Rucker Shaffer,600/1000,,3,NOV A-1700-PT,"2,400","6,950",7700/7910,4,-,-,640,8,Western Gear,,"21""",50,Cameron,15,"3""",4,Hydril,2,Hydril & Shaffer,CIW,Hydraulic,Koomey,Sikorsky S-61 & Super Puma,-,"Sedco704-1.jpg, Sedco704-2.jpg",semisubmersible,,2/7/2014 0:08:37,6/8/2012 7:37:29
81,Deepsea Stavanger,Odfjell Drilling,Ophir Energy/BP,Aktiv,SS,Gotaverken Enhanced GVA 7500,2010,,DNV+1A1,"10,000","37,500",Active,2013/06,Angola,,6-7,158 (128 NCS),308.3,256.0,32.6,75.5,7500/7500,,8x5360,"3,3""",R5,,,,,100,85,,,,2000,NOV,,4600,NOV,"1,75""","60,5""/49,5""",NOV HydraTong,NOV HPS 1000 2E-AC-KT,,,,4,National 14-P220,"2,515","22,000",22000/9900,6,,24,3200,6,,"60,5""","21""",75,Shaffer,15,"3,06""",6,Shaffer,2,Shaffer,Drillquip DX-DW,MUX,,Sikorsky S-61 & S-92,-,"DeepseaStavanger-1.jpg, DeepseaStavanger-2.jpg, DeepseaStavanger-3.jpg",semisubmersible,,3/7/2014 4:58:55,6/8/2012 7:37:29
82,Leiv Eiriksson,Ocean Rig,Rig Management Norway,Aktiv,SS,Trosvik Bingo 9000,2001,,DNV+1A1,"7,500","30,000",Active,2016/02,Norway,"61,200",6-7,140 (120 NCS),392,279,39.4,77.9,6700/6700,23x47,6x7370,"3,3""",R5,6560,"2,76""",3281,8x15,75,75,,,,1500,Hydralift,170x40x40,3000,Continental Emsco,"1,75""","60,5""",NOV HydraTong,Hydralift HPS 750 2E AC,Hydralift,800/ 1500,"Hydralift, HydraRacker",3,Continental Emsco FC-2200,"10,402","29,130",12360/ 12360,5,1,,2400,6,Hydralift,"21.5""","21""",75,Vetco,15,"3,06""",4,Cameron,2,Cameron,Vetco Super HD H4,MUX,Cameron,-,74x74,"LeivEriksson-1.jpg, LeivEriksson-2.jpg, LeivEriksson-3.jpg",semisubmersible,,2/7/2014 2:59:55,6/8/2012 7:37:29
83,Deepsea Aberdeen,Odfjell Drilling,BP,Aktiv,SS,Gotaverken Enhanced GVA 7500,2014,N/A,DNV+1A1,"10,000","37,500",Under Constr.,2021/11,UK,"59,800",7.2,158(128 on NCS),295.3,256.0,33.6,75.5,7500/6000,35x88,"8 x 5,840","3,3""",R5,6900,N/A,N/A,8 x 18 ,100,100,35,N/A,2 x 25,2000,NOV,210x50x69,4600,NOV,"1.75""/1,5""","75""/60.5""",NOV MPT,NOV HPS 1000 2E-AC-KT,NOV,N/A (AHD),Hydraracker IV-ER,4,National 14-P220,"2,390","19,500","21,800/9,700 ",6,0,1,"3,200",6,NOV,"75""","21 1/4 """,75',Shaffer,15,"4.5""",6,Shaffer,2,Shaffer,Cameron HC,MUX,NOV,-,-,deepsea_stavanger_photo_odfjell_drilling_innisde.jpg,semisubmersible,,2/7/2014 0:29:22,6/8/2012 7:37:29
84,J W McLean,Transocean,-,Aktiv,SS,Zapata SS-3000,1974,1991/1996,DNV+1A1,"1,250","25,000",Inactive,Stacked,UK,"7,800",,100,367,210,25,80,3475/,21x21,,"3""",,3608,,,10x15,41,68,,,,1300,Lee C. Moore,180x40x40,3000,NOV,,"49,5""",NOV AR3200,NOV TDS-4S,Rucker Shaffer,,,3,NOV A-1700-PT,"3,332","10,000",8980/10350,4,None,20,640,8,Rucker Shaffer,"25,5""","21,5""",40,Vetco,10,"3,125""",1,Cameron,1,Shaffer,,Hydraulic,Koomey,Sikorsky S-61,84x83,"JWMcLean-1.jpg, JWMcLean-2.jpg",semisubmersible,,2/7/2014 0:13:08,6/8/2012 7:37:29
85,Sedco 712,Transocean,-,Aktiv,SS,Earl & Wright Sedco 711 series,1983,,ABS+A1,"1,600","25,000",Inactive,-,UK,"9,600",,98,295,249,21,83,3990/,23x24,2x3000,"3""",,4300,,,8x12,50,50,,,,1300,Dreco,,2500,NOV,,"49,5""",,NOV TDS-5H,Vetco,600,,2,Continental Emsco FB 1600,"2,400","6,617",9670/9670,5,,,800,,,,"21""",,,15,"3""",4,Hydril,2,Hydril,Vetco H4,Hydraulic,Koomey,Chinook 234LR,-,"Sedco712-1.jpg, Sedco712-2.jpg",semisubmersible,,2/7/2014 5:38:05,6/8/2012 7:37:29
86,Maersk Intrepid,Maersk Drilling,Total,Aktiv,JU,Gusto MSC CJ70-X150MD,2014,,DNV,492,"40,000",Under Constr.,2018/08,Norway,"14,208",,150,291,336,26,,"13,000",,,,,,,,,100,100,100,,,2500,,210x 49x 52,5750,NOV,"2""","49,5""",NOV ARN200 Dual,NOV HPS-03,,,Dual NOV HR-IV,4,NOV 14-P-220,"9,812","10,693",8899/6674,5,,,1100,8,,"18,75""",,,,15,,4,Hydril,1,Hydril,,,,EH-101,-,intreprid.jpg,jackup,,3/25/2014 4:23:53,6/8/2012 7:37:29
87,Maersk Interceptor,Maersk Drilling,Det Norske Oljeselskap,Aktiv,JU,Gusto MSC CJ70-X150MD,2013,,DNV,492,"40,000",Under Constr.,2017/10,Norway,"14,208",,150,291,336,26,,"13,000",,,,,,,,,100,100,100,,,2500,,210x 49x 52,5750,NOV,"2""","49,5""",NOV ARN200 Dual,NOV HPS-03,,,Dual NOV HR-IV,4,NOV 14-P-220,"9,812","10,693",8899/6674,5,,,1100,8,,"18,75""",,,,15,,4,Hydril,1,Hydril,,,,EH-101,-,XL_Enhanced_I.png,jackup,,11/24/2014 1:13:32,6/8/2012 7:37:29
89,Statoil CAT J 1,Noble Drilling,Statoil,Aktiv,JU,Gusto MSC CJ70-X150-A,2016,,DNV+1A1,460,"32,800",Under Constr.,,UK,"18,750",,140,292,345,24,,"8,000",,,,,,,,,65,65,65,,12,1500,NOV,x46x53,3500,NOV,,"49,5""",NOV,NOV,,,NOV,3,NOV 2200 hp,"7,500",,9900/8800,6,,,880,4,NOV,"27,5""","21""",50,NOV,15,"3,0625""",4,NOV,1,NOV,H4,,NOV,-,85x85,"StatoilCatJ-1.jpg, StatoilCatJ-2.jpg",jackup,,2/21/2014 5:38:10,6/8/2012 7:37:29
90,Askeladden,Gullfaks,Statoil,Aktiv,JU,Gusto MSC CJ70-X150-A,2016,,DNV+1A1,460,"32,800",Under Constr.,,Norway,"18,750",,140,292,345,24,,"8,000",,,,,,,,,65,65,65,,12,1500,NOV,x46x53,3500,NOV,,"49,5""",NOV,NOV,,,NOV,3,NOV 2200 hp,"7,500",,9900/8800,6,,,880,4,NOV,"27,5""","21""",50,NOV,15,"3,0625""",4,NOV,1,NOV,H4,,NOV,-,85x85,"StatoilCatJ-1.jpg, StatoilCatJ-2.jpg",jackup,,7/29/2015 3:17:44,6/8/2012 7:37:29
91,COSLInnovator,COSL Drilling Europe,Statoil,Aktiv,SS,Global Maritime GM 4000,2011,,DNV+1A1,"2,500","25,000",Active,2019/11,Norway,"41,094",10,120,343,213,30.2,58.2,3000/4000,23x72,6x4289,"3,5""",,,,,,80,80,,,,1300,NOV/Nymo,160x35x35,4600,NOV,,"60,5""",NOV MPT-200,NOV HSP 650-E-AC-SG,,,NOV hydraracker HR-III-XY,3,NOV HEX 240,"5,409","20,178",8476/8476,5,,,970,,NOV,,"21""",50,NOV,15,"3""",5,Shaffer,1,Shaffer,Vetco HD-H4,,,-,91x91,"COSLInnovator-1.JPG, COSLInnovator-2.jpg, COSLInnovator-3.jpg",semisubmersible,,2/7/2014 0:48:07,1/24/2014 3:52:56
92,COSLPromoter,COSL Drilling Europe,Statoil,Aktiv,SS,Global Maritime GM 4000,2012,,DNV+1A1,"2,500","25,000",Active,2020/06,Norway,"41,094",10,120,343,213,30.2,58.2,3000/4000,23x72,6x4289,"3,5""",,,,,,80,80,,,,1300,NOV/Nymo,160x35x35,4600,NOV,,"60,5""",NOV MPT-200,NOV HSP 650-E-AC-SG,,,NOV hydraracker HR-III-XY,3,NOV HEX 240,"5,619","20,178",8476/8476,5,,,970,,NOV,,"21""",50,NOV,15,"3""",5,Shaffer,1,Shaffer,Vetco HD-H4,,,-,91x91,"COSLPromoter-1.jpg, COSLPromoter-2.JPG, COSLPromoter-3.JPG",semisubmersible,,3/7/2014 0:24:21,1/24/2014 3:53:26
93,COSLProspector,COSL Drilling Europe,-,Aktiv,SS,GG5000,Under constr.,,DNV+1A1,"4,920","24,600",Under Constr.,,-,"44,532",10,130,343,231,32,58,"5,000",23x72,6x5093,,,,,,,"24,2",,,,,1500,NOV/Nymo,160x35x35,5750,NOV,,"60,5""",NOV MPT 200,NOV HPS-03-750-2AC-KT.,,,NOV HydraRacker HR-III-XY,3,NOV HEX 240,"12,077","20,128",14126 / 14126,5,,,,,,,,,,15,"3""",,,,,,,,-,91x91,"COSLProspector-1.jpg, COSLProspector-2.jpg",semisubmersible,,3/7/2014 4:26:36,1/24/2014 3:53:37
94,Island Innovator,Island Drilling,Lundin,Active,SS,GMC GM 4000-WI,2012,,DNV+1A1,"2,000","26,247",Active,2015/04,Norway,"38,922",10,120,343,213,30,58,2950/3900,23x72,6x5147,"3,5""",,2083,"3,54""",,,"15,2","74,1","74,1",,5,1300,NOV,,,NOV,,"60,5""",NOV MPT,NOV HPS 04-750 AC,NOV,529/794,NOV Hydraracker HRIII,3,NOV 14-P-220,"4,088","20,612",8476/8476,5,,,960,8,Vetco,,"21,25""",50,Vetco,15,"3,06""",4,Cameron,1,Cameron,,Hydraulic,Cameron,Sikorsky S-92,-,"IslandInnovator-1.jpg, IslandInnovator-2.jpg, island-innovator.gif",semisubmersible,,8/12/2014 23:33:57,6/8/2012 7:37:29
95,Scarabeo 8,Saipem,ENI,Aktiv,SS,Moss Maritime CD50 MKII,2011,,DNV+1A1,"10,000","35,000",Active,2017/07,Norway,54000,,140,273,239,32.3,77.1,4460/6000,,8x4425,"3""",R5,,,,,,,,,,2000,Wirth Elkelenz,170x85x40,4600,NOV,,"49,5"" / 60,5""",,NOV HPS-03 1000-2AC-KT-RD,NOV,,,4,NOV 14-P-220,,,,4,,,3600,6,,,"21""",50,Cameron,15,,5,Cameron,2,Cameron,,,,Sikorsky S-61 & S-92,-,"Scarabeo8-1.jpg, Scarabeo8-2.jpg, Scarabeo8-3.jpg",semisubmersible,,2/7/2014 0:25:12,6/8/2012 7:37:29
96,Songa Equinox,Songa Offshore,Statoil,Aktiv,SS,Gotaverken Enhanced GVA 4000 NCS,2015,,1A1,"1,640","27,900",Under Constr.,2022/10,Norway,"45,000",,130,380,318,31,82,3000/4500,,6x5360,,,,,,,65,65,,,,1500,,,,Aker Solutions,,"60,5""",,Aker Solutions,,,,3,Aker Solutions 2200hp,"7,550","16,040",12006/ 12006,5,,,1200,,,,"21""",50,,10,,5,,1,,,Hydraulic,,-,-,StatoilCatD-1.jpg,semisubmersible,,8/14/2014 23:49:00,6/8/2012 7:37:29
97,Songa Endurance,Songa Offshore,Statoil,Aktiv,SS,Gotaverken Enhanced GVA 4000 NCS,2015,,1A1,"1,640","27,900",Under Constr.,2023/01,Norway,"45,000",,130,380,318,31,82,3000/4500,,6x5360,,,,,,,65,65,,,,1500,,,,Aker Solutions,,"60,5""",,Aker Solutions,,,,3,MH-2200hp,"7,550","16,040",12006/ 12006,5,,,1200,,,,"21""",50,,10,,5,,1,,,Hydraulic,,-,-,StatoilCatD-1.jpg,semisubmersible,,8/14/2014 23:48:58,6/8/2012 7:37:29
98,Songa Encourage,Songa Offshore,Statoil,Aktiv,SS,Gotaverken Enhanced GVA 4000 NCS,2015,,1A1,"1,640","27,900",Under Constr.,2023/07,Norway,"45,000",,130,380,318,31,82,3000/4500,,6x5360,,,,,,,65,65,,,,1500,,,,Aker Solutions,,"60,5""",,Aker Solutions,,,,3,MH-2200hp,"7,550","16,040",12006/ 12006,5,,,1200,,,,"21""",50,,10,,5,,1,,,Hydraulic,,-,-,StatoilCatD-1.jpg,semisubmersible,,8/14/2014 23:48:56,6/8/2012 7:37:29
99,Songa Enabler,Songa Offshore,Statoil,Aktiv,SS,Gotaverken Enhanced GVA 4000 NCS,2015,,1A1,"1,640","27,900",Under Constr.,2023/10,Norway,"45,000",,130,380,318,31,82,3000/4500,,6x5360,,,,,,,65,65,,,,1500,,,,Aker Solutions,,"60,5""",,Aker Solutions,,,,3,MH-2200hp,"7,550","16,040",12006/ 12006,5,,,1200,,,,"21""",50,,10,,5,,1,,,Hydraulic,,-,-,StatoilCatD-1.jpg,semisubmersible,,8/14/2014 23:48:55,6/8/2012 7:37:29
100,Statoil Cat B,Cancelled,Cancelled,Cancelled,SS,,,,,"1,640",,Cancelled,,Norway,,,,,,,,,,,,,,,,,,,,,,,,,,,,,,,,,,,,,,,,,,,,,,,,,,,,,,,,,,,,"StatoilCatB1-1.jpg, StatoilCatB1-2.jpg, CATB.png",semisubmersible,,5/29/2014 11:10:59,6/8/2012 7:37:29
101,North Dragon,North Sea Rigs,TBA,Aktiv,SS,GMC GM 4000-D,2015,,DNV,"4,000","26,250",Under Constr.,TBA,,,,,,,,,,,,,,,,,,,,,,,,NOV,,,NOV,,,,NOV,,,,,NOV,,,,,,,,,,,,,,,,,,,,,,,-,-,NorthDragon-1.jpg,semisubmersible,,8/14/2014 23:45:48,6/8/2012 7:37:29
104,Maersk Integrator,Maersk Drilling,Statoil,Aktiv,JU,Gusto MSC CJ70-X150MD,2015,,DNV,492,"40,000",Under Constr.,2019/07,Norway,"14,208",,150,291,336,26,,"13,000",,,,,,,,,100,100,100,,,2500,,210x 49x 52,5750,Nov,"2""","49,5""",NOV ARN200 Dual,NOV HPS-03,,,Dual NOV HR-IV,4,NOV 14-P-220,"9,812","10,693",8899/6674,5,,,1100,8,,"18,75""",,,,15,,4,Hydril,1,Hydril,,,,EH-101,-,XL_Enhanced_I.png,jackup,,6/10/2015 12:01:22,6/11/2012 0:03:00
110,GSF Galaxy I,Transocean,Nexen,Aktiv,JU,Friede & Goldman L-780 Mod VI,1991,,ABS,394,"30,000",Active,2013/09,UK,"9,656",,120,244,250,23,,3950/,-,,,,,,,7.5,30.6,30.6,30.6,,,1600,Brown Services,170x40x40,3000,NOV,"1,75""","49,5""",NOV PHM 3i,NOV TDS-4H,,600,NOV BJ PHM-3i,3,NOV 14-P-220,"4,619",,18200,3,,,600,1,,"49,5""",,,,15,"3,06""",7,Hydril,2,Hydril,,Hydraulic,Hydril,-,-,GalaxyI-1.JPG,semisubmersible,,2/7/2014 0:14:46,6/8/2012 7:37:29
111,West Linus,Seadrill,CoconoPhillips,Aktiv,JU,Gusto MISC CJ70 150A,2013,,DNV+1A1,450,"40,000",Under Constr.,2019/04,Norway,"18,550",,140,291,319,"26,2",,12000/20676,,,"2""",,,,,4x8,85,85,85,,"13,5",2500,TTS Sense,235x53x40,5600,Cameron Sense,"2""","60,5""",Wellquip JIM 20,Cameron Sense TD 1100 AC-2M,,1102,TTS Sense SmartRacker,4,Wirth TPK - 2200, 9 984 , 14 100 ,11300/8120,8,,,,,,"49,5""",,,,15,,4,Cameron,1,Cameron,,Hydraulic,Hydril,Sikorsky S-92 & EC225,83x83,WestLinus-1.jpg,jackup,,2/7/2014 3:59:37,6/8/2012 7:37:29
117,Askepott,Oseberg,Statoil,Aktiv,JU,Gusto MSC CJ70-X150-A,2016,,DNV+1A1,460,"32,800",Under Constr.,,Norway,"18,750",,140,292,345,24,,"8,000",,,,,,,,,65,65,65,,12,1500,NOV,x46x53,3500,NOV,,"49,5""",NOV,NOV,,,NOV,3,NOV 2200 hp,"7,500",,9900/8800,6,,,880,4,NOV,"27,5""","21""",50,NOV,15,"3,0625""",4,NOV,1,NOV,H4,,NOV,-,85x85,catj_illu_XL.gif,jackup,,7/29/2015 3:31:17,6/8/2012 7:37:29
118,Bollsta Dolphin,Dolphin Drilling,Chevron,Under constr,SS,Moss Maritime CS 60 E,2015,,DNV+1A1,"10,000","40,000",Under Constr.,2020/11,UK,,8-10,,403,255,,,"7,500",,,,,,,,,,,,,,1250,NOV,210x49x52,5750,NOV Dreco,,"60,5""",,NOV TDX-1000,,500/1000,,4,NOV 14-P-220,"5,975",,15185/15185,,,,3600,,,,,,,15,,4,,,,,,,-,-,,semisubmersible,,3/7/2014 0:31:16,10/30/2012 1:17:23
119,Maersk Invincible,Maersk Drilling,BP,Under constr,JU,Gusto MSC CJ70-X150MD,2016,,DNV,492,"40,000",Under Constr.,2021/6,Norway,"14,208",,150,291,336,26,,"13,000",,,,,,,,,100,100,100,,,2500,,210x 49x 52,5750,NOV,"2""","49,5""",NOV ARN200 Dual,NOV HPS-03,,,Dual NOV HR-IV,4,NOV 14-P-220,"9,812","10,693",8899/6674,5,,,1100,8,,"18,75""",,,,15,,4,Hydril,1,Hydril,,,,EH-101,-,XL_Enhanced_I.png,jackup,,2/7/2014 0:34:03,9/24/2013 23:34:40
120,Blackford Dolphin,Dolphin Drilling,Chevron,Active,SS,Aker H-3,,,,,,,,UK,,,,,,,,,,,,,,,,,,,,,,,,,,,,,,,,,,,,,,,,,,,,,,,,,,,,,,,,,,-,-,,semisubmersible,,8/5/2015 0:35:47,12/19/2013 0:38:00
121,Beacon Atlantic,Beacon Holdings,,Under constr,SS,GMC GM 4000-D,2016,,DNV,,,,,,,,,,,,,,,,,,,,,,,,,,,,,,,,,,,,,,,,,,,,,,,,,,,,,,,,,,,,,,,-,-,GM4.gif,semisubmersible,,2/7/2014 0:48:10,1/15/2014 23:11:46
131,Ensco 120,ENSCO,,,JU,,2014,,,,,,,,,,,,,,,,,,,,,,,,,,,,,,,,,,,,,,,,,,,,,,,,,,,,,,,,,,,,,,,,,,,,jackup,,8/14/2014 23:49:17,5/29/2014 11:10:43
132,Ensco 121,ENSCO,,,JU,,2014,,,,,,,,,,,,,,,,,,,,,,,,,,,,,,,,,,,,,,,,,,,,,,,,,,,,,,,,,,,,,,,,,,,,jackup,,8/14/2014 23:49:14,5/29/2014 11:11:13
133,Noble Sam Turner,Noble Drilling,Maersk,,JU,F&G JU-3000,2014,,,,,,,,,,,,,,,,,,,,,,,,,,,,,,,,,,,,,,,,,,,,,,,,,,,,,,,,,,,,,,,,,,,phpThumb_generated_thumbnail.jpeg,jackup,,11/10/2014 3:15:15,8/14/2014 23:29:52
134,Noble Regina Allen,Noble Drilling,,,JU,,,,,,,,,,,,,,,,,,,,,,,,,,,,,,,,,,,,,,,,,,,,,,,,,,,,,,,,,,,,,,,,,,,,,,jackup,,7/29/2015,7/29/2015
135,Hercules Highlander,Hercules,,,JU,,,,,,,,,,,,,,,,,,,,,,,,,,,,,,,,,,,,,,,,,,,,,,,,,,,,,,,,,,,,,,,,,,,,,,jackup,,7/29/2015,7/29/2015
136,Hercules Triumph,Hercules,,,JU,,,,,,,,,,,,,,,,,,,,,,,,,,,,,,,,,,,,,,,,,,,,,,,,,,,,,,,,,,,,,,,,,,,,,,jackup,,7/29/2015,7/29/2015
137,Henry Goodrich,Transocean,,,SS,,,,,,,,,,,,,,,,,,,,,,,,,,,,,,,,,,,,,,,,,,,,,,,,,,,,,,,,,,,,,,,,,,,,,,semisubmersible,,7/29/2015,7/29/2015
138,Ocean Valiant,Diamond Offshore,,,SS,,,,,,,,,,,,,,,,,,,,,,,,,,,,,,,,,,,,,,,,,,,,,,,,,,,,,,,,,,,,,,,,,,,,,,semisubmersible,,7/29/2015,7/29/2015
139,Ocean Patriot,Diamond Offshore,,,SS,,,,,,,,,,,,,,,,,,,,,,,,,,,,,,,,,,,,,,,,,,,,,,,,,,,,,,,,,,,,,,,,,,,,,,semisubmersible,,7/31/2015,7/29/2015
150,Prospector 5,Prospector Offshore,,,JU,,,,,,,,,,,,,,,,,,,,,,,,,,,,,,,,,,,,,,,,,,,,,,,,,,,,,,,,,,,,,,,,,,,,,,jackup,,8/31/2015,7/29/2015
151,Prospector 1,Prospector Offshore,,,JU,,,,,,,,,,,,,,,,,,,,,,,,,,,,,,,,,,,,,,,,,,,,,,,,,,,,,,,,,,,,,,,,,,,,,,jackup,,8/31/2015,8/31/2015
152,Ensco 122,ENSCO,,,JU,,2015,,,,,,,,,,,,,,,,,,,,,,,,,,,,,,,,,,,,,,,,,,,,,,,,,,,,,,,,,,,,,,,,,,,,jackup,,,